Product_Name,Price_BDT,Location,Product_Link,Price_Numeric,Product_Name_Short
"iTag Apple Find My Network Anti-Loss Device - Wiwu WT01 iPhone Location Tracker for Wallet, Keys, Bag & Pet - Real-time Global Positioning S & Left Behind Alerts, Long Battery, - Honestime Warranty 6 Month","৳ 1,199",Dhaka,https://www.daraz.com.bd/products/apple-wiwu-wt01-iphone-s-hon-6-i343836549.html,1199.0,iTag Apple Find My Network Anti-Loss Device - Wiwu WT01 iPhone Location Tracker 
"01 pcs Travel Mobile Electronics Gadget Bag Travel Organizer USB Cable Organizer power bank, mobile phone, Wires, Hard Drive, Pendrive",৳ 375,Chattogram,https://www.daraz.com.bd/products/01-usb-i277075676.html,375.0,01 pcs Travel Mobile Electronics Gadget Bag Travel Organizer USB Cable Organizer
RAISA Multifunctional Cleaning Kit Clean Your Electronics with Ease Keyboard and Earphone Cleaning Tools with Keycap Puller 7in 1,৳ 225,Dhaka,https://www.daraz.com.bd/products/raisa-7in-1-i324101145.html,225.0,RAISA Multifunctional Cleaning Kit Clean Your Electronics with Ease Keyboard and
Travel Gadget Cable Storage Bag Organizer Digital Electronic Organizer Portable USB Data Line Charger Plug Power Bank Mobile Storage Bag,৳ 599,Chattogram,https://www.daraz.com.bd/products/usb-i327744729.html,599.0,Travel Gadget Cable Storage Bag Organizer Digital Electronic Organizer Portable 
"ইজি বাইক এলার্ম ডিভাইস , Easy Bike alarm Device , 36-72 volts, Electric Scooter Spare Parts Accessories",৳ 650,Rajshahi,https://www.daraz.com.bd/products/36-72-i522810591.html,650.0,"ইজি বাইক এলার্ম ডিভাইস , Easy Bike alarm Device , 36-72 volts, Electric Scooter "
Quan Sheng UV-K6 Handheld Intercom UVK6 Radio K6 One-key Frequency Matching in Chinese. Youth Green with Large Memory K5 Upgrade.,"৳ 12,403",Overseas,https://www.daraz.com.bd/products/quan-sheng-uv-k6-uvk6-k6-k5-i531460569.html,12403.0,Quan Sheng UV-K6 Handheld Intercom UVK6 Radio K6 One-key Frequency Matching in C
Beige closet 18650 Power Bank Shell 5V 5600mAh USB Charger Battery Holder Case for Phone Electronic Charging Portable DIY Mobile Storage Box,৳ 120,Mymensingh,https://www.daraz.com.bd/products/diy-18650-5v-5600mah-usb-i332872936.html,120.0,Beige closet 18650 Power Bank Shell 5V 5600mAh USB Charger Battery Holder Case f
Type-C Electronic Cigarette Zippo Other Cigar Jet Lighter Smoking Accessories USB Luxury Rechargeable Lighter,৳ 299,Dhaka,https://www.daraz.com.bd/products/usb-i534612747.html,299.0,Type-C Electronic Cigarette Zippo Other Cigar Jet Lighter Smoking Accessories US
0.28 Inch 2.5v-30v mini digital voltmeter voltage tester meter led screen electronic parts accessories digital voltmeter,৳ 89,Dhaka,https://www.daraz.com.bd/products/028-25v-30v-led-i188860559.html,89.0,0.28 Inch 2.5v-30v mini digital voltmeter voltage tester meter led screen electr
0.28 Inch 2.5v-30v mini digital voltmeter voltage tester meter led screen electronic parts accessories digital voltmeter,৳ 95,Dhaka,https://www.daraz.com.bd/products/028-25v-30v-led-i145560996.html,95.0,0.28 Inch 2.5v-30v mini digital voltmeter voltage tester meter led screen electr
【3C VictoryEagle】Storage Bag Electronic Accessories Travel Organizer Bag Hard Drive Organizers USB Flash SD Card Travel Case,"৳ 1,903",Overseas,https://www.daraz.com.bd/products/3c-victoryagle-usb-sd-i342265783.html,1903.0,【3C VictoryEagle】Storage Bag Electronic Accessories Travel Organizer Bag Hard Dr
Mini digital voltmeter voltage tester meter led screen electronic parts accessories,৳ 115,Chattogram,https://www.daraz.com.bd/products/led-i193424655.html,115.0,Mini digital voltmeter voltage tester meter led screen electronic parts accessor
Digital Arm Blood Pressure Monitor Electronic,৳ 850,Dhaka,https://www.daraz.com.bd/products/-i498033479.html,850.0,Digital Arm Blood Pressure Monitor Electronic
Intelligent Voltage Tester Pen,৳ 199,Rangpur,https://www.daraz.com.bd/products/-i501294446.html,199.0,Intelligent Voltage Tester Pen
Pair Percussion Accessories Rubber Handle Drumsticks Classic High Quality Drum Sticks 40CM Drum Brushes Electronic Drum,৳ 625,Overseas,https://www.daraz.com.bd/products/pair-percussion-accessories-rubber-handle-drumsticks-classic-high-quality-drum-sticks-40cm-drum-brushes-electronic-drum-i453320333.html,625.0,Pair Percussion Accessories Rubber Handle Drumsticks Classic High Quality Drum S
Electronic Fault Finder Cable Continuity Tester Connection Checker Electronic Joint Checker With LED Indicator For Electronics Project Works,৳ 139,Dhaka,https://www.daraz.com.bd/products/electronic-fault-finder-cable-continuity-tester-connection-checker-electronic-joint-checker-with-led-indicator-for-electronics-project-works-i328297822.html,139.0,Electronic Fault Finder Cable Continuity Tester Connection Checker Electronic Jo
360 Degree Rearview Mirror Car Phone Holder,৳ 590,Dhaka,https://www.daraz.com.bd/products/360-i531238558.html,590.0,360 Degree Rearview Mirror Car Phone Holder
Versatile -Travel Men women Custom Logo Gadget Digital Electronic Accessories Storage USB Cable Organizer Bag- Avant-garde,৳ 299,Chattogram,https://www.daraz.com.bd/products/versatile-travel-men-women-custom-logo-gadget-digital-electronic-accessories-storage-usb-cable-organizer-bag-avant-garde-i321955351.html,299.0,Versatile -Travel Men women Custom Logo Gadget Digital Electronic Accessories St
High Quality Electronic LCD Time Display Alarm Clock Lightweight Small Desk Clocks Mirror Screen Household Accessories,৳ 389,Dhaka,https://www.daraz.com.bd/products/lcd-i274994238.html,389.0,High Quality Electronic LCD Time Display Alarm Clock Lightweight Small Desk Cloc
Electronic Accessory Storage Carrying Organizer Bag Gadget Bag - Very Appealing - In line with current fashion trends,৳ 640,Rajshahi,https://www.daraz.com.bd/products/electronic-accessory-storage-carrying-organizer-bag-gadget-bag-very-appealing-in-line-with-current-fashion-trends-i245837328.html,640.0,Electronic Accessory Storage Carrying Organizer Bag Gadget Bag - Very Appealing 
7/8 Inch Motorcycle Scooter Dirt Atv Quad Switch Horn Turn Signals On/Off Horn Light Handlebar Bike Motorcycle Scooter Switch - Bike Accessories,৳ 190,Dhaka,https://www.daraz.com.bd/products/78-inch-motorcycle-scooter-dirt-atv-quad-switch-horn-turn-signals-onoff-horn-light-handlebar-bike-motorcycle-scooter-switch-bike-accessories-i268782106.html,190.0,7/8 Inch Motorcycle Scooter Dirt Atv Quad Switch Horn Turn Signals On/Off Horn L
Ultrasonic Sonar Sensor HC-SR04,৳ 93,Rajshahi,https://www.daraz.com.bd/products/hc-sr04-i230581251.html,93.0,Ultrasonic Sonar Sensor HC-SR04
0.28 Inch 2.5v-30v mini digital voltmeter voltage tester meter led screen electronic parts accessories digital voltmeter,৳ 106,Dhaka,https://www.daraz.com.bd/products/028-25v-30v-led-i259779671.html,106.0,0.28 Inch 2.5v-30v mini digital voltmeter voltage tester meter led screen electr
WiWU Salem Pouch Electronics Accessories Organizer Portable Digital Storage Bag,"৳ 2,189",Dhaka,https://www.daraz.com.bd/products/wiwu-i184016525.html,2189.0,WiWU Salem Pouch Electronics Accessories Organizer Portable Digital Storage Bag
SHX Electronic Counter,৳ 65,Chattogram,https://www.daraz.com.bd/products/shx-i108488858.html,65.0,SHX Electronic Counter
Multi Functional 32 in 1 Precision Handle Mini Screw driver set Mobile Phone Watch Laptop Repair Kit Tools Household Accessories Replace 32 in 1,৳ 199,Khulna,https://www.daraz.com.bd/products/32-1-32-1-i213212861.html,199.0,Multi Functional 32 in 1 Precision Handle Mini Screw driver set Mobile Phone Wat
Multi Functional 32 in 1 Precision Handle Mini Screw driver set Mobile Phone Watch Laptop Repair Kit Tools Household Accessories,৳ 195,Dhaka,https://www.daraz.com.bd/products/32-1-i234714991.html,195.0,Multi Functional 32 in 1 Precision Handle Mini Screw driver set Mobile Phone Wat
WiWU Minimalist Travel Pouch for Electronics Macbook Accessorie Organizer Bag,"৳ 1,289",Dhaka,https://www.daraz.com.bd/products/wiwu-i324717789.html,1289.0,WiWU Minimalist Travel Pouch for Electronics Macbook Accessorie Organizer Bag
100x60x25mm Black DIY Enclosure Instrument Case Plastic Electronic Project Box Electrical Supplies - Customizable Enclosure for Electronic Projects,৳ 95,Dhaka,https://www.daraz.com.bd/products/100x60x25mm-black-diy-enclosure-instrument-case-plastic-electronic-project-box-electrical-supplies-customizable-enclosure-for-electronic-projects-i168552691.html,95.0,100x60x25mm Black DIY Enclosure Instrument Case Plastic Electronic Project Box E
Smart 8.5 Inch LCD Electronic Drawing & Writting Notepad For Children.,৳ 140,Khulna,https://www.daraz.com.bd/products/85-lcd-i523899410.html,140.0,Smart 8.5 Inch LCD Electronic Drawing & Writting Notepad For Children.
5 PCS Electronics Mini 2 Pin SPST on/OFF Switch for Electronic Circuit PCB for Project or Experiment,৳ 35,Chattogram,https://www.daraz.com.bd/products/5-2-spst-pcb-i323216179.html,35.0,5 PCS Electronics Mini 2 Pin SPST on/OFF Switch for Electronic Circuit PCB for P
"32 in 1 Screwdriver Tool Sets, Precision Screwdriver Set, Repair Tool Kit, Multi-function Magnetic Repair Tools, for PC-Laptop-Watches-iPhone-Ipad etc-Mint",৳ 199,Dhaka,https://www.daraz.com.bd/products/32-1-i323408983.html,199.0,"32 in 1 Screwdriver Tool Sets, Precision Screwdriver Set, Repair Tool Kit, Multi"
ANDROID PLAYER FOR CAR ALLION / PREMIO IN BANGLADESH 2007-2016,"৳ 11,500",Dhaka,https://www.daraz.com.bd/products/android-player-for-car-allion-premio-in-bangladesh-2007-2016-i123957005.html,11500.0,ANDROID PLAYER FOR CAR ALLION / PREMIO IN BANGLADESH 2007-2016
Electronic Cigarette Lighter and Phone Holder: USB Charging System for Mobile Phones Great Accessory for Smokers Practical Dual Functionality,৳ 398,Dhaka,https://www.daraz.com.bd/products/electronic-cigarette-lighter-and-phone-holder-usb-charging-system-for-mobile-phones-great-accessory-for-smokers-practical-dual-functionality-i239987482.html,398.0,Electronic Cigarette Lighter and Phone Holder: USB Charging System for Mobile Ph
7 Pieces of Keyboard Lubricating Oil Switch Puller Kit IC Extractor Switch Puller Key for Removing Electronic Components,"৳ 1,075",Overseas,https://www.daraz.com.bd/products/7-ic-i193926877.html,1075.0,7 Pieces of Keyboard Lubricating Oil Switch Puller Kit IC Extractor Switch Pulle
Box For DIY Router Power Bank- Mini Router UPS Borad Box - Only Box (Circuit Not included)- READY ELECTRONICS,৳ 140,Dhaka,https://www.daraz.com.bd/products/diy-ups-borad-i419290052.html,140.0,Box For DIY Router Power Bank- Mini Router UPS Borad Box - Only Box (Circuit Not
"IR Sensor, Infrared Obstacle Avoidance Sensor For Arduino Smart Car Robot 3 Ratings",৳ 48,Chattogram,https://www.daraz.com.bd/products/ir-arduino-3-i309624578.html,48.0,"IR Sensor, Infrared Obstacle Avoidance Sensor For Arduino Smart Car Robot 3 Rati"
Mobile and Micro Electronics Module 5 In 1 Multi-Function Compact Screwdriver - Ideal for DIY Repairs,৳ 149,Dhaka,https://www.daraz.com.bd/products/mobile-and-micro-electronics-module-5-in-1-multi-function-compact-screwdriver-ideal-for-diy-repairs-i157666490.html,149.0,Mobile and Micro Electronics Module 5 In 1 Multi-Function Compact Screwdriver - 
5PCS- BLACK Color DC 30V 1A Flashlight Latching ON OFF Mini Push Button Switch 17x12x9.5mm For Table Lamp Flashlight Button LED Torch Light Switches DIY,৳ 38,Chattogram,https://www.daraz.com.bd/products/5pcs-black-color-dc-30v-1a-flashlight-latching-on-off-mini-push-button-switch-17x12x95mm-for-table-lamp-flashlight-button-led-torch-light-switches-diy-i325465538.html,38.0,5PCS- BLACK Color DC 30V 1A Flashlight Latching ON OFF Mini Push Button Switch 1
MiLi MiTag Location Tracker for Android – Works with Google Find My Device | Anti-Lost Bluetooth Smart Tag,"৳ 1,299",Dhaka,https://www.daraz.com.bd/products/mili-mitag-google-i531454988.html,1299.0,MiLi MiTag Location Tracker for Android – Works with Google Find My Device | Ant
Keyboard Cleaning Tool Portable Multifunctional Cleaning brush Tool Electronics 7 in 1 Earbud keyboard laptop Cleaning Pen cleaner Kit,৳ 216,Dhaka,https://www.daraz.com.bd/products/keyboard-cleaning-tool-portable-multifunctional-cleaning-brush-tool-electronics-7-in-1-earbud-keyboard-laptop-cleaning-pen-cleaner-kit-i520045218.html,216.0,Keyboard Cleaning Tool Portable Multifunctional Cleaning brush Tool Electronics 
electronic sigarate elfbar,৳ 849,Dhaka,https://www.daraz.com.bd/products/elfbar-i525294553.html,849.0,electronic sigarate elfbar
Heatless Curling Rod Headband No Heat Ribbon Hair Rollers for Sleeping Overnight Use Soft Satin Hair Curler Lazy DIY Styling Tool for Natural Waves and Curls Hairdressing Accessories for Women Men Normal Hair Heat Free Curling Iron Alternative Hair Tool,৳ 157,Dhaka,https://www.daraz.com.bd/products/diy-i531687013.html,157.0,Heatless Curling Rod Headband No Heat Ribbon Hair Rollers for Sleeping Overnight
electronic sigarate,৳ 591,Dhaka,https://www.daraz.com.bd/products/-i411521920.html,591.0,electronic sigarate
electronic sigarate lite 40 + cable + flavour,"৳ 1,300",Dhaka,https://www.daraz.com.bd/products/-i525307348.html,1300.0,electronic sigarate lite 40 + cable + flavour
"Premium Quality Hanging Metal Mug Organizer Rack Wall Mounted - Wall Mounted Metal Mug Rack – 10 Hook Coffee Cup, Mug Hanger | Vertical Kitchen Organizer Stand for Mugs, Tea Cups & Other Suitable Items – Black Iron Display Shelf",৳ 299,Dhaka,https://www.daraz.com.bd/products/10-i529850487.html,299.0,Premium Quality Hanging Metal Mug Organizer Rack Wall Mounted - Wall Mounted Met
12V Phone Usb Charger with Switch for Motorcycle. Black Color,৳ 210,Dhaka,https://www.daraz.com.bd/products/12v-usb-i234813300.html,210.0,12V Phone Usb Charger with Switch for Motorcycle. Black Color
30 in 1 Multi-Purpose Screwdriver Kit - Green and Silver,৳ 160,Dhaka,https://www.daraz.com.bd/products/30-1-i113630379.html,160.0,30 in 1 Multi-Purpose Screwdriver Kit - Green and Silver
32 In 1 Multipurpose Precision Screwdriver Disassemble Electronic Repair Tool,৳ 150,Dhaka,https://www.daraz.com.bd/products/32-1-i208752799.html,150.0,32 In 1 Multipurpose Precision Screwdriver Disassemble Electronic Repair Tool
32 in 1 7089C Magnetic Screwdriver Set Torx Driver Professional Repair Tool Kit,৳ 149,Dhaka,https://www.daraz.com.bd/products/32-1-7089c-i496978809.html,149.0,32 in 1 7089C Magnetic Screwdriver Set Torx Driver Professional Repair Tool Kit
10 inch Clear filter Housing with pp filter for single iron removal house application,৳ 850,Chattogram,https://www.daraz.com.bd/products/pp-10-i132126189.html,850.0,10 inch Clear filter Housing with pp filter for single iron removal house applic
"r o water filter. 10"" housing. 10"" filter. water purifier jog. clear housing. singel filter. iron remover","৳ 1,080",Chattogram,https://www.daraz.com.bd/products/r-o-10-10-i371744452.html,1080.0,"r o water filter. 10"" housing. 10"" filter. water purifier jog. clear housing. si"
"r o water filter. 10"" housing. 10"" filter. water purifier jog. clear housing. singel filter. iron remover",৳ 650,Chattogram,https://www.daraz.com.bd/products/r-o-10-i390320914.html,650.0,"r o water filter. 10"" housing. 10"" filter. water purifier jog. clear housing. si"
2Pcs/set Black Anti-static Tweezer Stainless Steel Curved Straight Tweezer 3D Sticker Rhinestones Nipper Pick Up Tools Nail Art Nail Sticker Tweezer Eyelash Extension Tweezer,৳ 99,Dhaka,https://www.daraz.com.bd/products/2pcs-3d-i533336331.html,99.0,2Pcs/set Black Anti-static Tweezer Stainless Steel Curved Straight Tweezer 3D St
Universal Car Charger Music Player Car Bluetooth Receiver QC3.0 Car Charger Flash Charging Auto Accessories,৳ 350,Dhaka,https://www.daraz.com.bd/products/qc30-i469535794.html,350.0,Universal Car Charger Music Player Car Bluetooth Receiver QC3.0 Car Charger Flas
10 Inch Water Filter Purifier with all Accessories for Household Iron Removal Water Cartridge Filter,"৳ 1,125",Chattogram,https://www.daraz.com.bd/products/10-i131582186.html,1125.0,10 Inch Water Filter Purifier with all Accessories for Household Iron Removal Wa
"r o water filter. 10"" housing. 10"" filter. water purifier jog. clear housing. singel filter. iron remover",৳ 750,Chattogram,https://www.daraz.com.bd/products/r-o-10-10-i390318848.html,750.0,"r o water filter. 10"" housing. 10"" filter. water purifier jog. clear housing. si"
"r o water filter. 10"" housing. 10"" filter. water purifier jog. clear housing. singel filter. iron remover",৳ 920,Chattogram,https://www.daraz.com.bd/products/r-o-10-10-i387383988.html,920.0,"r o water filter. 10"" housing. 10"" filter. water purifier jog. clear housing. si"
31 in 1 screw driver set,৳ 130,Dhaka,https://www.daraz.com.bd/products/31-1-i323267260.html,130.0,31 in 1 screw driver set
Power Inverter DC 12V to AC 220V 220 Watt Modified Sine Wave 220w Inverter,৳ 680,Dhaka,https://www.daraz.com.bd/products/-i276417489.html,680.0,Power Inverter DC 12V to AC 220V 220 Watt Modified Sine Wave 220w Inverter
Single Stage Iron Removal water treatment housing With accessories,"৳ 1,125",Chattogram,https://www.daraz.com.bd/products/-i317186063.html,1125.0,Single Stage Iron Removal water treatment housing With accessories
"Spice Recks - Cup stand - Spoon Stand - Square Shape Hanging Rack – Durable Iron Material, Metal Made, Easy to Install, Ideal for Kitchen Space Optimization - Spice reck - Cup stand - spoon stand",৳ 399,Dhaka,https://www.daraz.com.bd/products/-i530359273.html,399.0,Spice Recks - Cup stand - Spoon Stand - Square Shape Hanging Rack – Durable Iron
Electronic Tool File and Healing Tissue Remover Electric Foot Grinder Pink-Foot Relief Accessories & Tools-First Deal,৳ 550,Dhaka,https://www.daraz.com.bd/products/electronic-tool-file-and-healing-tissue-remover-electric-foot-grinder-pink-foot-relief-accessories-tools-first-deal-i352252506.html,550.0,Electronic Tool File and Healing Tissue Remover Electric Foot Grinder Pink-Foot 
Portable Electronic Lighter USB Rechargeable Windproof Smoking Accessories Tools Multicolor Lighters Ultra-thin Men's Gifts,৳ 183,Dhaka,https://www.daraz.com.bd/products/-i231241937.html,183.0,Portable Electronic Lighter USB Rechargeable Windproof Smoking Accessories Tools
Mini Size Screwdriver Set & Keychain Screwdriver Precision Screwdriver Set 5-in-1 Multifunctional Small Screw Driver for Cellphone Eyeglasses Electronics Watch Laptop,৳ 180,Dhaka,https://www.daraz.com.bd/products/mini-size-screwdriver-set-keychain-screwdriver-precision-screwdriver-set-5-in-1-multifunctional-small-screw-driver-for-cellphone-eyeglasses-electronics-watch-laptop-i275592693.html,180.0,Mini Size Screwdriver Set & Keychain Screwdriver Precision Screwdriver Set 5-in-
WiWU Alpha Tech Pouch Electronics Organizer Travel Bag for Macbook Cables Chargers Accessories Storage Bags,"৳ 1,249",Dhaka,https://www.daraz.com.bd/products/-i270519082.html,1249.0,WiWU Alpha Tech Pouch Electronics Organizer Travel Bag for Macbook Cables Charge
24 in 1 Magnetic Multi-purpose Precision Screwdriver Set disassembling laptop and millet mobile phone repair tool Aluminium S2 Steel Repair Tool,৳ 349,Dhaka,https://www.daraz.com.bd/products/24-1-i226661186.html,349.0,24 in 1 Magnetic Multi-purpose Precision Screwdriver Set disassembling laptop an
electronic sigarate 5000,৳ 819,Dhaka,https://www.daraz.com.bd/products/-i525295504.html,819.0,electronic sigarate 5000
ROSE Multifunctional Cleaning Kit Clean Your Electronics with Ease Mobile Keyboard and Earphone Cleaning Tools with Keycap Puller 7in 1,৳ 224,Dhaka,https://www.daraz.com.bd/products/rose-7in-1-i363299377.html,224.0,ROSE Multifunctional Cleaning Kit Clean Your Electronics with Ease Mobile Keyboa
Mini LED Warning Strobe Flashing Shoulder Light for Traffic Guidance working time16 hours - Warning Light on Body Shoulder white charger/ Police warning signal light,৳ 513,Dhaka,https://www.daraz.com.bd/products/16-led-i531430536.html,513.0,Mini LED Warning Strobe Flashing Shoulder Light for Traffic Guidance working tim
"Electric Foot Callus Removers Rechargeable, Portable Electronic Foot File Pedicure Tools",৳ 749,Dhaka,https://www.daraz.com.bd/products/-i355747024.html,749.0,"Electric Foot Callus Removers Rechargeable, Portable Electronic Foot File Pedicu"
Premium Quality - Hanging Metal Mug Organizer Cup Display Stand Kitchen Rack - Display Your Mugs In Style,৳ 360,Dhaka,https://www.daraz.com.bd/products/premium-quality-hanging-metal-mug-organizer-cup-display-stand-kitchen-rack-display-your-mugs-in-style-i327548936.html,360.0,Premium Quality - Hanging Metal Mug Organizer Cup Display Stand Kitchen Rack - D
60W Soldering Iron - Tools,৳ 369,Dhaka,https://www.daraz.com.bd/products/60w-soldering-iron-tools-i189465545.html,369.0,60W Soldering Iron - Tools
Portable Electronic Lighter USB Rechargeable Windproof Smoking Accessories Tools Multicolor Lighters Ultra-thin Men's Gifts-Allion shop,৳ 189,Dhaka,https://www.daraz.com.bd/products/-i501155118.html,189.0,Portable Electronic Lighter USB Rechargeable Windproof Smoking Accessories Tools
"বাইক লক সিকিউরিটি। রিমোট দিয়ে বাইক অন/অফ করুন, অরিজিনাল প্রোডাক্টের ছবি দেখতে সব ছবিগুলো দেখুন।","৳ 1,500",Dhaka,https://www.daraz.com.bd/products/-i369165625.html,1500.0,"বাইক লক সিকিউরিটি। রিমোট দিয়ে বাইক অন/অফ করুন, অরিজিনাল প্রোডাক্টের ছবি দেখতে সব"
BC547 NPN Transistor (10PCS),৳ 35,Chattogram,https://www.daraz.com.bd/products/bc547-npn-transistor-10pcs-i335877029.html,35.0,BC547 NPN Transistor (10PCS)
31 In 1 Screw Driver Set - Yellow and Red,৳ 145,Dhaka,https://www.daraz.com.bd/products/31-1-i113610539.html,145.0,31 In 1 Screw Driver Set - Yellow and Red
GF 07 Mini Anti Lost Real Time Tracking Device,৳ 997,Dhaka,https://www.daraz.com.bd/products/gf-07-i530526359.html,997.0,GF 07 Mini Anti Lost Real Time Tracking Device
"Hanging Metal Mug Organizer 10 Hook Wall Mounted Coffee Cup Rack, Iron Tea Mug Holder for Kitchen Storage and Display",৳ 360,Dhaka,https://www.daraz.com.bd/products/hanging-metal-mug-organizer-10-hook-wall-mounted-coffee-cup-rack-iron-tea-mug-holder-for-kitchen-storage-and-display-i320867673.html,360.0,"Hanging Metal Mug Organizer 10 Hook Wall Mounted Coffee Cup Rack, Iron Tea Mug H"
24 in 1 screwdriver set Magnetic Screwdriver Kit with Detachable Handle Tools,৳ 264,Dhaka,https://www.daraz.com.bd/products/24-1-i529712751.html,264.0,24 in 1 screwdriver set Magnetic Screwdriver Kit with Detachable Handle Tools
STARINK 107A Black Laser Toner Compatible for HP 107X/W1107X Print 1000 Pages With Chip Computer & Office Office Electronics Printer Supplies Toner-Cartridges Computers and consumables,৳ 950,Chattogram,https://www.daraz.com.bd/products/hp-107xw1107x-1000-starink-107a-i529891038.html,950.0,STARINK 107A Black Laser Toner Compatible for HP 107X/W1107X Print 1000 Pages Wi
"Electric Foot Callus Removers Rechargeable, Portable Electronic Foot File Pedicure Tools",৳ 599,Dhaka,https://www.daraz.com.bd/products/electric-foot-callus-removers-rechargeable-portable-electronic-foot-file-pedicure-tools-i419164123.html,599.0,"Electric Foot Callus Removers Rechargeable, Portable Electronic Foot File Pedicu"
Moto bike alam system remote control motorcycle anti-theft alarm device anti-theft protection engine start pke sensing - bike accessories,"৳ 1,050",Dhaka,https://www.daraz.com.bd/products/pke-i418593238.html,1050.0,Moto bike alam system remote control motorcycle anti-theft alarm device anti-the
10 Inch Water Filter Purifier with all Accessories for Household Iron Removal Water Cartridge Filter (FULL PAKAGE),"৳ 1,189",Dhaka,https://www.daraz.com.bd/products/10-i324927917.html,1189.0,10 Inch Water Filter Purifier with all Accessories for Household Iron Removal Wa
"Prime Mall_Bathroom storage rack without punching, rectangular iron multifunctional wall rectangular storage rack Holder Toilet Accessories",৳ 209,Dhaka,https://www.daraz.com.bd/products/prime-mall_-i386828268.html,209.0,"Prime Mall_Bathroom storage rack without punching, rectangular iron multifunctio"
KISONLI U-3000 PLUG ELECTRONIC COMPUTER SPEAKER,৳ 960,Chattogram,https://www.daraz.com.bd/products/kisonli-u-3000-i529558403.html,960.0,KISONLI U-3000 PLUG ELECTRONIC COMPUTER SPEAKER
Moto honda alam system remote control motorcycle anti-theft alarm device anti-theft protection engine start pke sensing - bike accessories,"৳ 1,050",Dhaka,https://www.daraz.com.bd/products/moto-honda-alam-pke-i270453589.html,1050.0,Moto honda alam system remote control motorcycle anti-theft alarm device anti-th
IR Infrared Obstacle Avoidance Sensor Module,৳ 48,Rajshahi,https://www.daraz.com.bd/products/ir-i230563879.html,48.0,IR Infrared Obstacle Avoidance Sensor Module
W1209 dc 12v ডিজিটাল কুল/হিট টেম্প থার্মোস্ট্যাট থার্মোমিটার তাপমাত্রা নিয়ন্ত্রক অন/অফ সুইচ-50 ° c-110 তিন ডিজিটের লাল led টিউব,৳ 135,Dhaka,https://www.daraz.com.bd/products/w1209-dc-12v-50-c-110-i240779183.html,135.0,W1209 dc 12v ডিজিটাল কুল/হিট টেম্প থার্মোস্ট্যাট থার্মোমিটার তাপমাত্রা নিয়ন্ত্র
Small Black Plastic Project Box 100x60x25mm Electronic DIY Shield Wire Junction Case,৳ 89,Dhaka,https://www.daraz.com.bd/products/small-black-plastic-project-box-100x60x25mm-electronic-diy-shield-wire-junction-case-i144390317.html,89.0,Small Black Plastic Project Box 100x60x25mm Electronic DIY Shield Wire Junction 
24 in 1 magnetic Multi-purpose Precision Screwdriver Set Aluminium S2 Steel Repair Tool,৳ 299,Dhaka,https://www.daraz.com.bd/products/24-in-1-magnetic-multi-purpose-precision-screwdriver-set-aluminium-steel-repair-tool-i226626464.html,299.0,24 in 1 magnetic Multi-purpose Precision Screwdriver Set Aluminium S2 Steel Repa
Iron removal Water Filtration System with accessories for house application,"৳ 1,750",Chattogram,https://www.daraz.com.bd/products/-i457317266.html,1750.0,Iron removal Water Filtration System with accessories for house application
Handheld Massager Double Head Electric Full Body Massager,"৳ 1,895",Dhaka,https://www.daraz.com.bd/products/-i323361736.html,1895.0,Handheld Massager Double Head Electric Full Body Massager
Get Precision Soldering with a Help Hand Soldering Stand including LED and Magnifying Glass -A Unique Choice For Electronics and DIY Projects,৳ 990,Dhaka,https://www.daraz.com.bd/products/get-precision-soldering-with-a-help-hand-soldering-stand-including-led-and-magnifying-glass-a-unique-choice-for-electronics-and-diy-projects-i118444427.html,990.0,Get Precision Soldering with a Help Hand Soldering Stand including LED and Magni
"USB rechargeable electronic foot file foot pedicure tool, perfect foot cleaner, electric callus remover, used for cracked heel and dead skin, a total of 2 rolling grinding heads",৳ 420,Dhaka,https://www.daraz.com.bd/products/usb-2-i324095543.html,420.0,"USB rechargeable electronic foot file foot pedicure tool, perfect foot cleaner, "
Indispensable -Digital Digital Luggage Scale with LCD Electronic Scale Pocket Scale Handheld Baggage Weight Scale-50kg/110 Lbs- Innovative,"৳ 1,299",Dhaka,https://www.daraz.com.bd/products/indispensable-digital-digital-luggage-scale-with-lcd-electronic-scale-pocket-scale-handheld-baggage-weight-scale-50kg110-lbs-innovative-i314612025.html,1299.0,Indispensable -Digital Digital Luggage Scale with LCD Electronic Scale Pocket Sc
1pcs Portable Scale Digital LCD Display 110lb/50kg Electronic Luggage Hanging Suitcase Travel Weighs Baggage Bag Weight Balance,৳ 640,Dhaka,https://www.daraz.com.bd/products/1-lcd-110lb50kg-i314176958.html,640.0,1pcs Portable Scale Digital LCD Display 110lb/50kg Electronic Luggage Hanging Su
GS GoTravel 50kg/110lb Luggage Scale Electronic Digital Scale Portable Handheld Suitcases Hanging Scale Weight Balance,৳ 699,Dhaka,https://www.daraz.com.bd/products/gs-gotravel-50kg110lb-i531423159.html,699.0,GS GoTravel 50kg/110lb Luggage Scale Electronic Digital Scale Portable Handheld 
2PCS - Buzzer Alarm 5V to 12V Active Piezo Sounder Speaker Buzzer,৳ 39,Chattogram,https://www.daraz.com.bd/products/2pcs-buzzer-alarm-5v-to-12v-active-piezo-sounder-speaker-buzzer-i523964552.html,39.0,2PCS - Buzzer Alarm 5V to 12V Active Piezo Sounder Speaker Buzzer
2 Level Hanging Rectangle Shape Wall Mount Storage Rack Organizer Kitchen rack Furniture space savers,৳ 150,Dhaka,https://www.daraz.com.bd/products/2-i329223851.html,150.0,2 Level Hanging Rectangle Shape Wall Mount Storage Rack Organizer Kitchen rack F
Travel Gadget Organizer Mobile phone Bag Portable digital cable bag Electronics Accessories Storage Carrying Case Pouch for USB power Bank,৳ 235,Chattogram,https://www.daraz.com.bd/products/usb-i302714331.html,235.0,Travel Gadget Organizer Mobile phone Bag Portable digital cable bag Electronics 
"""Single 2-Step Square Shape Hanging Rack – Durable Iron Material, White Finish, Easy to Install, Ideal for Kitchen Space Optimization""",৳ 170,Dhaka,https://www.daraz.com.bd/products/2-i412175642.html,170.0,"""Single 2-Step Square Shape Hanging Rack – Durable Iron Material, White Finish, "
936H Digital LCD Display With 60W Adjustable Soldering Iron 80W 220V Tatal Iron 80W Variable Temperature Control Soldering Iron 80W Soldering Iron 936H Soldering Iron Tools,৳ 780,Dhaka,https://www.daraz.com.bd/products/60w-60w-936-v-80w-80w-220-h-936h-lcd-i375782021.html,780.0,936H Digital LCD Display With 60W Adjustable Soldering Iron 80W 220V Tatal Iron 
Universal Domino On Off Switch Waterproof. Handlebar Switch For All Motorcycle. Black - Bike Accessories,৳ 280,Dhaka,https://www.daraz.com.bd/products/domino-i239278023.html,280.0,Universal Domino On Off Switch Waterproof. Handlebar Switch For All Motorcycle. 
Sonar Ultrasonic Sensor (HC-SR04),৳ 95,Chattogram,https://www.daraz.com.bd/products/sonar-hc-sr04-i317151138.html,95.0,Sonar Ultrasonic Sensor (HC-SR04)
4-Layer Wall-Mounted Shelf – Multifunctional Storage Rack for Kitchen & Bathroom,৳ 560,Dhaka,https://www.daraz.com.bd/products/4-layer-wall-mounted-shelf-multifunctional-storage-rack-for-kitchen-bathroom-i529548729.html,560.0,4-Layer Wall-Mounted Shelf – Multifunctional Storage Rack for Kitchen & Bathroom
"Ruti Belun, phiri Stand And Tishu Holder",৳ 450,Dhaka,https://www.daraz.com.bd/products/-i388865642.html,450.0,"Ruti Belun, phiri Stand And Tishu Holder"
"Screwdriver Set, Precision Magnetic Screwdriver Accessory Kit with Adjustable Pole & Anti-Slip Handle, Work Repair Tool for Household Appliances, Electronics, Crafts & DIY Projects (Green)",৳ 220,Dhaka,https://www.daraz.com.bd/products/diy-i168880729.html,220.0,"Screwdriver Set, Precision Magnetic Screwdriver Accessory Kit with Adjustable Po"
"Soldering Package-Soldering Iron,Lead,Rosin And Soldering Stand",৳ 595,Dhaka,https://www.daraz.com.bd/products/-i185894938.html,595.0,"Soldering Package-Soldering Iron,Lead,Rosin And Soldering Stand"
Water purifier. filtar. water filter. iron remover. water treatment.,"৳ 1,080",Chattogram,https://www.daraz.com.bd/products/-i433947580.html,1080.0,Water purifier. filtar. water filter. iron remover. water treatment.
Moto bike alam system remote control motorcycle anti-theft alarm device anti-theft protection engine start pke sensing - bike accessories,"৳ 1,049",Dhaka,https://www.daraz.com.bd/products/pke-i392706653.html,1049.0,Moto bike alam system remote control motorcycle anti-theft alarm device anti-the
8 in 1 Multi Size Screwdriver for Multi Tasking,৳ 199,Dhaka,https://www.daraz.com.bd/products/8-1-i271625271.html,199.0,8 in 1 Multi Size Screwdriver for Multi Tasking
BC557 PNP Transistor (10PCS),৳ 35,Chattogram,https://www.daraz.com.bd/products/bc557-pnp-transistor-10pcs-i333512923.html,35.0,BC557 PNP Transistor (10PCS)
Soldering Iron 60 Watt High Quality Rosin + Lead Free,৳ 195,Khulna,https://www.daraz.com.bd/products/60-i295427242.html,195.0,Soldering Iron 60 Watt High Quality Rosin + Lead Free
"Helping Hands Magnifier Station, 2.5X/7.5X/10X LED Lighting Workstation Magnifying Glass Stand with Clamp and Alligator Clips","৳ 1,050",Dhaka,https://www.daraz.com.bd/products/25x75x10x-led-i280106761.html,1050.0,"Helping Hands Magnifier Station, 2.5X/7.5X/10X LED Lighting Workstation Magnifyi"
Kitchen Rack 2 Layer Kitchen Shelf Kitchen Organizer Spice Jar organizer Kitchen Decoration Rack,"৳ 1,149",Dhaka,https://www.daraz.com.bd/products/2-i339010413.html,1149.0,Kitchen Rack 2 Layer Kitchen Shelf Kitchen Organizer Spice Jar organizer Kitchen
3+2 Layer Corner Shelf -2 Pcs Metal Rack Storage Organizer দুটি লোহার কর্নার স্ট্যান্ড রেক,৳ 480,Dhaka,https://www.daraz.com.bd/products/32-layer-corner-shelf-2-pcs-metal-rack-storage-organizer-i326825549.html,480.0,3+2 Layer Corner Shelf -2 Pcs Metal Rack Storage Organizer দুটি লোহার কর্নার স্ট
"Multifunctional Electronic Cleaner Kit 7 in 1, Keyboard Cleaner Kit with Brush, 3 in 1 Cleaning Pen for AirPods Pro, Multifunctional Cleaning Kit for Earphone, Keyboard, Laptop, Phone, PC Monitor-Multicolor",৳ 249,Dhaka,https://www.daraz.com.bd/products/7-1-3-1-i324464622.html,249.0,"Multifunctional Electronic Cleaner Kit 7 in 1, Keyboard Cleaner Kit with Brush, "
Soldering Iron Equipment Kit- Combo - Tools,৳ 311,Dhaka,https://www.daraz.com.bd/products/soldering-iron-equipment-kit-combo-tools-i258055631.html,311.0,Soldering Iron Equipment Kit- Combo - Tools
"Adapter For LCD LED OLED TV Monitor, LED Lighting, Audio Amplifier, Charger, Networking Module & Others Electronics Devise",৳ 309,Dhaka,https://www.daraz.com.bd/products/adapter-for-lcd-led-oled-tv-monitor-led-lighting-audio-amplifier-charger-networking-module-others-electronics-devise-i517974880.html,309.0,"Adapter For LCD LED OLED TV Monitor, LED Lighting, Audio Amplifier, Charger, Net"
"PCB Breadboard 830,400,170 Points Holes",৳ 81,Dhaka,https://www.daraz.com.bd/products/pcb-830400170-i129006514.html,81.0,"PCB Breadboard 830,400,170 Points Holes"
Bike Pillion Hook/Holder Hook/Bag Holder For All Bikes (Made In India) - Bike Accessories,৳ 145,Dhaka,https://www.daraz.com.bd/products/bike-pillion-hookholder-hookbag-holder-for-all-bikes-made-in-india-bike-accessories-i225612687.html,145.0,Bike Pillion Hook/Holder Hook/Bag Holder For All Bikes (Made In India) - Bike Ac
For infinix Hot 50 Pro Plus Phone Case Camera Lens Protector Shockproof Armor Iron Metal Car Ring Kickstand Bracket Casing for infinix Hot 50 Cover Casing HP,৳ 649,Overseas,https://www.daraz.com.bd/products/infinix-hot-50-pro-plus-50-hp-i468963293.html,649.0,For infinix Hot 50 Pro Plus Phone Case Camera Lens Protector Shockproof Armor Ir
Multifunction Brain Comfort Massager For Head Body Face,৳ 199,Dhaka,https://www.daraz.com.bd/products/-i207390799.html,199.0,Multifunction Brain Comfort Massager For Head Body Face
Car Ignition Switch Cover Luminous Key Ring Hole Cover Sticker,৳ 48,Rajshahi,https://www.daraz.com.bd/products/-i238364199.html,48.0,Car Ignition Switch Cover Luminous Key Ring Hole Cover Sticker
3 Step Hanging Corner Storage Rack Space Saving Kitchen Organizer,৳ 430,Dhaka,https://www.daraz.com.bd/products/3-step-hanging-corner-storage-rack-space-saving-kitchen-organizer-i294013610.html,430.0,3 Step Hanging Corner Storage Rack Space Saving Kitchen Organizer
"White Physiotherapy Equipments Self Adhesive Electrode Pads For Electronic Stimulators, Ift, Tens,Ems & Pulse Massagers.",৳ 185,Dhaka,https://www.daraz.com.bd/products/ift-tens-ems-i344516884.html,185.0,White Physiotherapy Equipments Self Adhesive Electrode Pads For Electronic Stimu
STARINK 107A Black Laser Toner Compatible With HP 107X/W1107X Computer & Office Office Electronics Printer Supplies Toner-Cartridges Computers And Consumables Print 1000 Pages Without Chip,৳ 850,Chattogram,https://www.daraz.com.bd/products/starink-107a-hp-107xw1107x-1000-i529841551.html,850.0,STARINK 107A Black Laser Toner Compatible With HP 107X/W1107X Computer & Office 
for Xiaomi Redmi 8 / Redmi 8A Luxury Iron Man Stand Back Cover with Hard Armor and Soft Silicone Phone Case Casing for Xiaomi Redmi 8 / Redmi 8A - Ensures Image Security (Back Case Cover For Smartphone),৳ 250,Dhaka,https://www.daraz.com.bd/products/for-xiaomi-redmi-8-redmi-8a-luxury-iron-man-stand-back-cover-with-hard-armor-and-soft-silicone-phone-case-casing-for-xiaomi-redmi-8-redmi-8a-ensures-image-security-back-case-cover-for-smartphone-i171598476.html,250.0,for Xiaomi Redmi 8 / Redmi 8A Luxury Iron Man Stand Back Cover with Hard Armor a
Soldering Iron 60W,৳ 175,Dhaka,https://www.daraz.com.bd/products/60w-i115710940.html,175.0,Soldering Iron 60W
Bike Key Ring Hole Cover Sticker,৳ 55,Rajshahi,https://www.daraz.com.bd/products/-i301927289.html,55.0,Bike Key Ring Hole Cover Sticker
Gaming Mouse Metallic Silver TWOLF V6 IRON GRAY RGB Lighting Wired DPI Mouse Mechanical RGB Mouse OTG Mobile Tablet Computer Mice Laptop Desktop,৳ 575,Dhaka,https://www.daraz.com.bd/products/gaming-mouse-metallic-silver-twolf-v6-iron-gray-rgb-lighting-wired-dpi-mouse-mechanical-rgb-mouse-otg-mobile-tablet-computer-mice-laptop-desktop-i526179608.html,575.0,Gaming Mouse Metallic Silver TWOLF V6 IRON GRAY RGB Lighting Wired DPI Mouse Mec
iPhone Screwdriver Kit 5 in 1 for Apple,৳ 125,Dhaka,https://www.daraz.com.bd/products/apple-iphone-5-1-i215329952.html,125.0,iPhone Screwdriver Kit 5 in 1 for Apple
Electric Continuity Tester,৳ 99,Dhaka,https://www.daraz.com.bd/products/-i183657629.html,99.0,Electric Continuity Tester
"Waterproof RGB LED Multi Color Bright Parking Sports Light with Memory Function for Motorcycle, Car- 2pcs 12V T10 LED 5050SMD RGB Flashing Silicone Coated",৳ 330,Dhaka,https://www.daraz.com.bd/products/waterproof-rgb-led-multi-color-bright-parking-sports-light-with-memory-function-for-motorcycle-car-2pcs-12v-t10-led-5050smd-rgb-flashing-silicone-coated-i171776013.html,330.0,Waterproof RGB LED Multi Color Bright Parking Sports Light with Memory Function 
"25 in 1 Multi-Functional Screwdriver Tool Set For Mobile Phone, Computer, Electronic Product repair, Camera Maintenance and Disassembly",৳ 299,Dhaka,https://www.daraz.com.bd/products/25-in-1-multi-functional-screwdriver-tool-set-for-mobile-phone-computer-electronic-product-repair-camera-maintenance-and-disassembly-i154202829.html,299.0,"25 in 1 Multi-Functional Screwdriver Tool Set For Mobile Phone, Computer, Electr"
5PCS 6A10 Diode 1000V 6A General Rectifier Diode,৳ 35,Chattogram,https://www.daraz.com.bd/products/5pcs-6a10-diode-1000v-6a-general-rectifier-diode-i330860250.html,35.0,5PCS 6A10 Diode 1000V 6A General Rectifier Diode
5Pcs/set Soldering Iron Tip Kd 900M I + B + K + 2.4D + 3C Type 5 Piss Soldering Iron Head Set Lead-free Environmentally Friendly Internal Heating Soldering Iron Tip,৳ 160,Dhaka,https://www.daraz.com.bd/products/5pcs-kd-900m-i-b-k-24d-3c-5-i520035926.html,160.0,5Pcs/set Soldering Iron Tip Kd 900M I + B + K + 2.4D + 3C Type 5 Piss Soldering 
Tactile Tact Push Button Micro Switch TS 1166A-5PCS,৳ 31,Chattogram,https://www.daraz.com.bd/products/tactile-tact-push-button-micro-switch-ts-1166a-5pcs-i336637280.html,31.0,Tactile Tact Push Button Micro Switch TS 1166A-5PCS
"Find tag dual version Android and IOS version, 100% authentic device","৳ 2,000",Chattogram,https://www.daraz.com.bd/products/ios-100-i531064830.html,2000.0,"Find tag dual version Android and IOS version, 100% authentic device"
Mini Car Tracker GSM Tracking Device Locator GF07,"৳ 1,450",Dhaka,https://www.daraz.com.bd/products/gsm-gf07-i343932314.html,1450.0,Mini Car Tracker GSM Tracking Device Locator GF07
2PCS Push Switch PBS-11 PUSH BUTTON AC 250V 3A 2 Pin Leads On Off SPST RED CAP Plastic Push Button Switch Latching Switches,৳ 35,Chattogram,https://www.daraz.com.bd/products/2pcs-push-switch-pbs-11-push-button-ac-250v-3a-2-pin-leads-on-off-spst-red-cap-plastic-push-button-switch-latching-switches-i383467444.html,35.0,2PCS Push Switch PBS-11 PUSH BUTTON AC 250V 3A 2 Pin Leads On Off SPST RED CAP P
32 In 1 Multipurpose Precision Screwdriver Disassemble Electronic Repair Tools Set,৳ 165,Dhaka,https://www.daraz.com.bd/products/32-in-1-multipurpose-precision-screwdriver-disassemble-electronic-repair-tools-set-i316792900.html,165.0,32 In 1 Multipurpose Precision Screwdriver Disassemble Electronic Repair Tools S
VIP Horn / 12V 3 Tone Sound Loud Car Horn Motorcycle Warning Alarm Siren Horn Speaker Automotive Accessories Motor,৳ 450,Dhaka,https://www.daraz.com.bd/products/12v-3-i300201727.html,450.0,VIP Horn / 12V 3 Tone Sound Loud Car Horn Motorcycle Warning Alarm Siren Horn Sp
31 In 1 Screw Driver Set - ★Yellow and Red★,৳ 150,Dhaka,https://www.daraz.com.bd/products/31-in-1-screw-driver-set-yellow-and-red-i154414054.html,150.0,31 In 1 Screw Driver Set - ★Yellow and Red★
Mini Router UPS Combo Set Borad 40W V2.6 Battery Charger Board 11.1V Battery Charger Router UPS Pack DIY- READY ELECTRONICS,৳ 600,Dhaka,https://www.daraz.com.bd/products/ups-borad-40w-v26-111v-ups-diy-i415491112.html,600.0,Mini Router UPS Combo Set Borad 40W V2.6 Battery Charger Board 11.1V Battery Cha
AC 60V-500V Mini Digital Voltmeter 2-Wire LED Display Panel Voltage Test Meter (RED),৳ 139,Rajshahi,https://www.daraz.com.bd/products/ac-60v-500v-2-led-i346879057.html,139.0,AC 60V-500V Mini Digital Voltmeter 2-Wire LED Display Panel Voltage Test Meter (
IR Flame Detection Sensor Module Fire Detector Infrared Receiver Module,৳ 55,Rajshahi,https://www.daraz.com.bd/products/ir-i346458733.html,55.0,IR Flame Detection Sensor Module Fire Detector Infrared Receiver Module
5V Low Level Trigger One 1 Channel Relay Module Interface Board Shield DC AC 220V for Arduino PIC AVR DSP ARM MCU,৳ 72,Chattogram,https://www.daraz.com.bd/products/5v-1-dc-ac-220v-arduino-pic-avr-dsp-mcu-i310846351.html,72.0,5V Low Level Trigger One 1 Channel Relay Module Interface Board Shield DC AC 220
31-in-1 Screwdriver Tool Set - Yellow,৳ 189,Dhaka,https://www.daraz.com.bd/products/31-1-i208907013.html,189.0,31-in-1 Screwdriver Tool Set - Yellow
K12 Bluetooth Karaoke Machine Portable 5.3 PA Speaker System with 1-2 Wireless Microphones Home Family Singing Children's Gifts By Win Accessories,৳ 519,Dhaka,https://www.daraz.com.bd/products/k12-53-pa-1-2-i453536167.html,519.0,K12 Bluetooth Karaoke Machine Portable 5.3 PA Speaker System with 1-2 Wireless M
Steel Pen Holder / Spoon Holder,৳ 129,Dhaka,https://www.daraz.com.bd/products/-i323504318.html,129.0,Steel Pen Holder / Spoon Holder
31-in-1 Screwdriver Tool Set - Yellow-,৳ 130,Dhaka,https://www.daraz.com.bd/products/31-1-i113618443.html,130.0,31-in-1 Screwdriver Tool Set - Yellow-
12 Volt Micro Soldering Iron- DC SOLDERING IRON FOR RC PROJECT,৳ 119,Dhaka,https://www.daraz.com.bd/products/12-volt-micro-soldering-iron-dc-soldering-iron-for-rc-project-i384431950.html,119.0,12 Volt Micro Soldering Iron- DC SOLDERING IRON FOR RC PROJECT
3 Layer Metal Corner Shelf Spice Jar Pot Rack for Kitchen and Bathroom Organizer Rust-Resistant,৳ 380,Dhaka,https://www.daraz.com.bd/products/3-layer-metal-corner-shelf-spice-jar-pot-rack-for-kitchen-and-bathroom-organizer-rust-resistant-i307870953.html,380.0,3 Layer Metal Corner Shelf Spice Jar Pot Rack for Kitchen and Bathroom Organizer
Mini Iron Remover Filter - Ensure Clean and Iron-Free Water - Effectively Removes Water Contaminants,"৳ 1,300",Dhaka,https://www.daraz.com.bd/products/mini-iron-remover-filter-ensure-clean-and-iron-free-water-effectively-removes-water-contaminants-i317730426.html,1300.0,Mini Iron Remover Filter - Ensure Clean and Iron-Free Water - Effectively Remove
LDR -5 mm Light Dependent Resistor-5PCS,৳ 39,Chattogram,https://www.daraz.com.bd/products/ldr-5mm-resistor-5pcs-i524555928.html,39.0,LDR -5 mm Light Dependent Resistor-5PCS
"Metal Pot Lid Holder for Organizing Pans, Dishes, and Bakeware with Stable U-Shaped Design",৳ 750,Dhaka,https://www.daraz.com.bd/products/metal-pot-lid-holder-for-organizing-pans-dishes-and-bakeware-with-stable-u-shaped-design-i369413466.html,750.0,"Metal Pot Lid Holder for Organizing Pans, Dishes, and Bakeware with Stable U-Sha"
2Pcs Temperature-resistant Soldering Station Iron Handle Accessories for Iron Head Cannula Iron Tip Bushing,৳ 200,Dhaka,https://www.daraz.com.bd/products/2pcs-i519078456.html,200.0,2Pcs Temperature-resistant Soldering Station Iron Handle Accessories for Iron He
Electronic Pedicure Tool,৳ 599,Dhaka,https://www.daraz.com.bd/products/-i524021115.html,599.0,Electronic Pedicure Tool
Mobile Bag Portable Gadget Bag Electronic Digital Organizers Multi-function USB Storage Bag Large Capacity Cable Organizer Bag,৳ 399,Rajshahi,https://www.daraz.com.bd/products/mobile-bag-portable-gadget-bag-electronic-digital-organizers-multi-function-usb-storage-bag-large-capacity-cable-organizer-bag-i245836370.html,399.0,Mobile Bag Portable Gadget Bag Electronic Digital Organizers Multi-function USB 
Bike Electronic Loud Horn 130 db Warning Safety Electric Bell Police Siren Bicycle Handlebar Alarm Ring Bell Cycling Accessories,৳ 249,Dhaka,https://www.daraz.com.bd/products/130-db-i529173212.html,249.0,Bike Electronic Loud Horn 130 db Warning Safety Electric Bell Police Siren Bicyc
60W Soldering Iron Adjustable 200-450 Degree Celsius Temperature Control,৳ 345,Dhaka,https://www.daraz.com.bd/products/60w-200-450-i531424656.html,345.0,60W Soldering Iron Adjustable 200-450 Degree Celsius Temperature Control
Universal 48W IP68 Waterproof Fog Lights Fog Lamp for Motocycle Offroad LED Work Light Bar for Tractors Trucks Car Light Assembly -,৳ 460,Overseas,https://www.daraz.com.bd/products/48w-ip68-i146082731.html,460.0,Universal 48W IP68 Waterproof Fog Lights Fog Lamp for Motocycle Offroad LED Work
electronic sigarate,৳ 510,Dhaka,https://www.daraz.com.bd/products/-i525294564.html,510.0,electronic sigarate
1 Pcs Multipurpose Tooth Pick Key chain Key Ring Fruit Pocket Key Chain Ring Pick Tools Point,৳ 155,Chattogram,https://www.daraz.com.bd/products/1-i302428950.html,155.0,1 Pcs Multipurpose Tooth Pick Key chain Key Ring Fruit Pocket Key Chain Ring Pic
10 Inch Water Filter Purifier with all Accessories for Household Iron Removal Water Cartridge Filter (FULL PAKAGE),"৳ 1,199",Dhaka,https://www.daraz.com.bd/products/10-i324930305.html,1199.0,10 Inch Water Filter Purifier with all Accessories for Household Iron Removal Wa
Bike On/Off emergency engine kill switch for any bike,৳ 70,Dhaka,https://www.daraz.com.bd/products/-i166294715.html,70.0,Bike On/Off emergency engine kill switch for any bike
3 Wire Light Driver & 3 Wire Light SMD 1SET,৳ 150,Chattogram,https://www.daraz.com.bd/products/3-3-smd-1-i312725709.html,150.0,3 Wire Light Driver & 3 Wire Light SMD 1SET
OFFICIAL!! MiLi MiTag Android Location Tracker Device – Compatible with Google’s Find My Device,"৳ 1,600",Khulna,https://www.daraz.com.bd/products/mili-mitag-google-i530340294.html,1600.0,OFFICIAL!! MiLi MiTag Android Location Tracker Device – Compatible with Google’s
Iron Man Engine Laptop Sticker Laptop Skin Sticker for laptop Back Side AR-5336,৳ 115,Dhaka,https://www.daraz.com.bd/products/ar-5336-i529149149.html,115.0,Iron Man Engine Laptop Sticker Laptop Skin Sticker for laptop Back Side AR-5336
25-in-1 screwdriver set for disassembling laptop and millet mobile phone repair tool disassembly machine,৳ 299,Dhaka,https://www.daraz.com.bd/products/25-1-i203558926.html,299.0,25-in-1 screwdriver set for disassembling laptop and millet mobile phone repair 
Universal PCB Holder Stand Stainless Steel 120x80x20mm Adjustable PCB Holder Circuit Board Fixture Soldering De-Soldering Jig Fixture Small Logic Boards Tool Sets,৳ 202,Dhaka,https://www.daraz.com.bd/products/pcb-120x80x20mm-pcb-i133214705.html,202.0,Universal PCB Holder Stand Stainless Steel 120x80x20mm Adjustable PCB Holder Cir
"""White 2-Step Square Shape Hanging Corner Rack – Durable Iron, Easy Installation, Perfect for Efficient Kitchen Organization and Space Saving""",৳ 213,Dhaka,https://www.daraz.com.bd/products/2-i412156797.html,213.0,"""White 2-Step Square Shape Hanging Corner Rack – Durable Iron, Easy Installation"
Stitch Opener Tools ( 2 pieces ),৳ 55,Dhaka,https://www.daraz.com.bd/products/2-i222996525.html,55.0,Stitch Opener Tools ( 2 pieces )
"60W Precision Bit for Soldering Iron, Soldering TIP",৳ 73,Dhaka,https://www.daraz.com.bd/products/60w-i191131731.html,73.0,"60W Precision Bit for Soldering Iron, Soldering TIP"
5 pcs x Ultra-thin Metal Plate Sticker Iron Stickers for for Car Phone Magnetic Mount Holder,৳ 109,Rangpur,https://www.daraz.com.bd/products/5-pcs-x-ultra-thin-metal-plate-sticker-iron-stickers-for-for-car-phone-magnetic-mount-holder-i268035590.html,109.0,5 pcs x Ultra-thin Metal Plate Sticker Iron Stickers for for Car Phone Magnetic 
Professional Steam Iron Handheld Household Mini Ironing Machine Portable Household Small Mini Steam Iron For Clothes 30w Ironing Machine Home Appliances Travel,৳ 850,Dhaka,https://www.daraz.com.bd/products/30w-i524052043.html,850.0,Professional Steam Iron Handheld Household Mini Ironing Machine Portable Househo
3s 12V Lithium-Ion Battery Level Indicator Module Circuit,৳ 92,Chattogram,https://www.daraz.com.bd/products/3s-12v-lithium-ion-battery-level-indicator-module-circuit-i353962547.html,92.0,3s 12V Lithium-Ion Battery Level Indicator Module Circuit
G7 Bluetooth Car Kit Charger - Black,৳ 650,Dhaka,https://www.daraz.com.bd/products/g7-bluetooth-car-kit-charger-black-i206627276.html,650.0,G7 Bluetooth Car Kit Charger - Black
Gas Saving Net (1 Piece),৳ 39,Dhaka,https://www.daraz.com.bd/products/gas-saving-net-1-piece-i249954630.html,39.0,Gas Saving Net (1 Piece)
Metal Key Ring With Chain Iron Man,৳ 199,Dhaka,https://www.daraz.com.bd/products/-i167190630.html,199.0,Metal Key Ring With Chain Iron Man
Breadboard Project Board 830 point,৳ 135,Dhaka,https://www.daraz.com.bd/products/830-i323470428.html,135.0,Breadboard Project Board 830 point
Servo Tester Gear Test CCPM Consistency Master Checker 3CH 4.8-6V with Indicator Light,৳ 149,Chattogram,https://www.daraz.com.bd/products/servo-tester-gear-test-ccpm-consistency-master-checker-3ch-48-6v-with-indicator-light-i310341037.html,149.0,Servo Tester Gear Test CCPM Consistency Master Checker 3CH 4.8-6V with Indicator
88-108MHz FM Frequency Modulation Wireless Microphone Module DIY Kits Transmitter Board Parts DC 3-6V FM Transmitter,৳ 350,Rajshahi,https://www.daraz.com.bd/products/88-108mhz-fm-diy-dc-3-6v-fm-i318710441.html,350.0,88-108MHz FM Frequency Modulation Wireless Microphone Module DIY Kits Transmitte
Soldering iron stand with Solder Lead arm,৳ 95,Dhaka,https://www.daraz.com.bd/products/-i446064986.html,95.0,Soldering iron stand with Solder Lead arm
Round iron hanging cup stand mug holder for kitchen,৳ 380,Dhaka,https://www.daraz.com.bd/products/-i320852901.html,380.0,Round iron hanging cup stand mug holder for kitchen
Buzzer Alarm 5V to 12V Sounder speaker Buzze ( Pack Of 2 PsC ),৳ 50,Dhaka,https://www.daraz.com.bd/products/5v-12v-2-i162322274.html,50.0,Buzzer Alarm 5V to 12V Sounder speaker Buzze ( Pack Of 2 PsC )
8 in 1 Multi Portable Screw driver Tools Set with 6 LED Torch,৳ 99,Dhaka,https://www.daraz.com.bd/products/8-1-6-led-i529885776.html,99.0,8 in 1 Multi Portable Screw driver Tools Set with 6 LED Torch
Versatile -Travel Men women Custom Logo Gadget Digital Electronic Accessories Storage USB Cable Organizer Bag- Avant-garde,৳ 320,Chattogram,https://www.daraz.com.bd/products/versatile-travel-men-women-custom-logo-gadget-digital-electronic-accessories-storage-usb-cable-organizer-bag-avant-garde-i321920901.html,320.0,Versatile -Travel Men women Custom Logo Gadget Digital Electronic Accessories St
XH-M240 18650 Lithium Battery Capacity Tester Module,৳ 545,Chattogram,https://www.daraz.com.bd/products/xh-m240-18650-i466491311.html,545.0,XH-M240 18650 Lithium Battery Capacity Tester Module
বাইক/সাইকেলের জন্য মোবাইল ফোন হোল্ডার - bike accessories,৳ 220,Dhaka,https://www.daraz.com.bd/products/bike-accessories-i102624809.html,220.0,বাইক/সাইকেলের জন্য মোবাইল ফোন হোল্ডার - bike accessories
"Car android player Android car stereo video audio system 7"" Universal 2 Din Touch screen Toyota Honda Nissan Mitsubishi Hyundai Mg Mazda cars navigation system Car interior accessories","৳ 4,800",Dhaka,https://www.daraz.com.bd/products/7-2-mg-mazda-i524819108.html,4800.0,"Car android player Android car stereo video audio system 7"" Universal 2 Din Touc"
2 Level Hanging Rectangle Shape Wall Mount Storage Rack Organizer Kitchen rack Furniture space savers,৳ 152,Dhaka,https://www.daraz.com.bd/products/2-i345148700.html,152.0,2 Level Hanging Rectangle Shape Wall Mount Storage Rack Organizer Kitchen rack F
4Pcs Foldable Laptop Table Leg Brackets / Connector – Durable Iron Connectors for Portable Desk Repair (Black Finish),৳ 99,Dhaka,https://www.daraz.com.bd/products/4-i531314962.html,99.0,4Pcs Foldable Laptop Table Leg Brackets / Connector – Durable Iron Connectors fo
12V Motorcycle Handlebar Switch 22mm ON-OFF-ON Headlight Fog Brake Light 1pcs Button Switch,৳ 262,Dhaka,https://www.daraz.com.bd/products/12v-22mm-1-i287331810.html,262.0,12V Motorcycle Handlebar Switch 22mm ON-OFF-ON Headlight Fog Brake Light 1pcs Bu
Motorcycle Waterproof Aluminium Alloy Switches 25mm Handlebar Headlight Switch and 3 Wires with Red Led Light,৳ 385,Dhaka,https://www.daraz.com.bd/products/motorcycle-waterproof-aluminium-alloy-switches-25mm-handlebar-headlight-switch-and-3-wires-with-red-led-light-i248711327.html,385.0,Motorcycle Waterproof Aluminium Alloy Switches 25mm Handlebar Headlight Switch a
PD 33W + QC 25W fast charging motherboard PD fast charging Circuit Adapter SMPS,৳ 255,Chattogram,https://www.daraz.com.bd/products/pd-33w-qc-25w-pd-smps-i526696945.html,255.0,PD 33W + QC 25W fast charging motherboard PD fast charging Circuit Adapter SMPS
60W Soldering Iron Adjustable 200-450 Degree Celsius Temperature Controll Hand Tools High Insulatade - Tools,৳ 489,Dhaka,https://www.daraz.com.bd/products/60w-soldering-iron-adjustable-200-450-degree-celsius-temperature-controll-hand-tools-high-insulatade-tools-i208931122.html,489.0,60W Soldering Iron Adjustable 200-450 Degree Celsius Temperature Controll Hand T
3 pcs x Mixed Metal Plate Sticker Ultra-Thin Iron Stickers For Magnetic Car Phone Mount Holder,৳ 109,Rangpur,https://www.daraz.com.bd/products/3-pcs-x-mixed-metal-plate-sticker-ultra-thin-iron-stickers-for-magnetic-car-phone-mount-holder-i268045929.html,109.0,3 pcs x Mixed Metal Plate Sticker Ultra-Thin Iron Stickers For Magnetic Car Phon
"Liteon High Quality 12V 5A Power Supply Adapter For LCD LED OLED TV Monitor, LED Lighting, Audio Amplifier, Charger, Networking Module & Others Electronics Devise",৳ 355,Dhaka,https://www.daraz.com.bd/products/lcd-led-oled-led-liteon-12v-5a-i313332081.html,355.0,"Liteon High Quality 12V 5A Power Supply Adapter For LCD LED OLED TV Monitor, LED"
Universal Dc12V Waterproof Stainless Steel Led Motorcycle Headlight Fog Light Handlebar Adjustable Mount Push Button On-Off Switch - Bike Accessories,৳ 224,Dhaka,https://www.daraz.com.bd/products/universal-dc12v-waterproof-stainless-steel-led-motorcycle-headlight-fog-light-handlebar-adjustable-mount-push-button-on-off-switch-bike-accessories-i228038306.html,224.0,Universal Dc12V Waterproof Stainless Steel Led Motorcycle Headlight Fog Light Ha
32 In1 Multi-Bit Screwdriver Set For Mobile Laptop Pc Repair Tool Kit - Screw Driver Set,৳ 225,Dhaka,https://www.daraz.com.bd/products/32-1-i216983489.html,225.0,32 In1 Multi-Bit Screwdriver Set For Mobile Laptop Pc Repair Tool Kit - Screw Dr
TE-801 Magnifier Light With Stand,৳ 700,Dhaka,https://www.daraz.com.bd/products/te-801-i472821997.html,700.0,TE-801 Magnifier Light With Stand
Servo Tester Gear Test CCPM Consistency Master Checker 3CH 4.8-6V with Indicator Light,৳ 210,Dhaka,https://www.daraz.com.bd/products/ccpm-3ch-48-6v-i339594787.html,210.0,Servo Tester Gear Test CCPM Consistency Master Checker 3CH 4.8-6V with Indicator
22Mm 3 Wire Handlebar Switch. Lighting Button. Waterproof Control Switch Button With Led Light. Red - Bike Accessories,৳ 197,Dhaka,https://www.daraz.com.bd/products/22mm-3-led-i266442903.html,197.0,22Mm 3 Wire Handlebar Switch. Lighting Button. Waterproof Control Switch Button 
Voltage Tester 12-250V AC/DC voltage EDL8003,৳ 510,Chattogram,https://www.daraz.com.bd/products/12-250v-acdc-edl8003-i487234900.html,510.0,Voltage Tester 12-250V AC/DC voltage EDL8003
18650 battery holder Case for electronics and DIY projects,৳ 30,Mymensingh,https://www.daraz.com.bd/products/diy-18650-i528335360.html,30.0,18650 battery holder Case for electronics and DIY projects
Travel Gadget Organizer Mobile phone Bag USB power Bank pouch case Portable digital cable bag Electronics Accessories Storage Carrying Case Pouch,৳ 235,Chattogram,https://www.daraz.com.bd/products/usb-i302718377.html,235.0,Travel Gadget Organizer Mobile phone Bag USB power Bank pouch case Portable digi
Heatless Hair Curling Set With Satin Headband Foam Rod Soft No Heat Curling Iron For Overnight Styling Comfortable Grip DIY Lazy Wave Curling Tool Suitable For All Hair Types Natural Look Non Damaging Curler For Women Nighttime Hair Care Solution Accessor,৳ 249,Dhaka,https://www.daraz.com.bd/products/diy-i530963640.html,249.0,Heatless Hair Curling Set With Satin Headband Foam Rod Soft No Heat Curling Iron
3 pcs x 30mm Round Metal Plate Sticker Ultra-thin Iron Stickers for Magnetic Car Mobile Phone Mount Holder,৳ 79,Rangpur,https://www.daraz.com.bd/products/3-pcs-x-30mm-round-metal-plate-sticker-ultra-thin-iron-stickers-for-magnetic-car-mobile-phone-mount-holder-i110878592.html,79.0,3 pcs x 30mm Round Metal Plate Sticker Ultra-thin Iron Stickers for Magnetic Car
"Corslet Stainless Steel 115 In 1 Precision Screwdriver Set, For Multipurpose","৳ 1,103",Dhaka,https://www.daraz.com.bd/products/1-1-i212966632.html,1103.0,"Corslet Stainless Steel 115 In 1 Precision Screwdriver Set, For Multipurpose"
Moto honda alam system remote control motorcycle anti-theft alarm device anti-theft protection engine start pke sensing - bike accessories,"৳ 1,225",Dhaka,https://www.daraz.com.bd/products/moto-honda-alam-pke-i423472319.html,1225.0,Moto honda alam system remote control motorcycle anti-theft alarm device anti-th
IR Infrared Obstacle Avoidance Sensor,৳ 47,Dhaka,https://www.daraz.com.bd/products/ir-i308892636.html,47.0,IR Infrared Obstacle Avoidance Sensor
Motorcycle Odometer Speedometer Meter Screen Protection HD Film For Gixxer Fi & ABS,৳ 234,Dhaka,https://www.daraz.com.bd/products/gixxer-fi-abs-hd-i328533927.html,234.0,Motorcycle Odometer Speedometer Meter Screen Protection HD Film For Gixxer Fi & 
DT3 Data Cable Detection Board USB Cable Tester for IOS Android Type-C Short Circuit On-Off Switching Test Board,৳ 350,Rajshahi,https://www.daraz.com.bd/products/ios-c-dt3-usb-i427394298.html,350.0,DT3 Data Cable Detection Board USB Cable Tester for IOS Android Type-C Short Cir
Phone Charger Waterproof Easy to Install Outdoor Compass USB Charger For Motorcycle. Black,৳ 240,Dhaka,https://www.daraz.com.bd/products/usb-i321371379.html,240.0,Phone Charger Waterproof Easy to Install Outdoor Compass USB Charger For Motorcy
"Car android player Android car stereo video audio system 7"" Universal 2 Din Touch screen Toyota Honda Nissan Mitsubishi Hyundai Mg Mazda cars navigation system Car interior accessories ( Khadiza Car Decoration items)","৳ 4,800",Dhaka,https://www.daraz.com.bd/products/7-2-mg-mazda-khadiza-i494245833.html,4800.0,"Car android player Android car stereo video audio system 7"" Universal 2 Din Touc"
GDL PP 170gm Sediment Filter 4PCs PP Package with FREE DELIVERY 100% Polypropylene 10Inchs Pre-Filtration 10 x 2.7 Household Water Filterwith and Filter Effective to Remove Sediment Iron Dust Heavy Metal and Clean Water Filtration,৳ 639,Dhaka,https://www.daraz.com.bd/products/gdl-pp-170gm-4-pp-100-10-10x27-i530160429.html,639.0,GDL PP 170gm Sediment Filter 4PCs PP Package with FREE DELIVERY 100% Polypropyle
115 In 1 Screw Drivers Screwdriver Set 115 In 1 Tool Kit Professional Precision Stainless Steel Screwdriver Repair Tool Magnetic Driver For Cellphone Computer Tablet PC Laptop Watch Electronic Repair Tool Kit,"৳ 1,350",Dhaka,https://www.daraz.com.bd/products/115-in-1-screw-drivers-screwdriver-set-115-in-1-tool-kit-professional-precision-stainless-steel-screwdriver-repair-tool-magnetic-driver-for-cellphone-computer-tablet-pc-laptop-watch-electronic-repair-tool-kit-i211677539.html,1350.0,115 In 1 Screw Drivers Screwdriver Set 115 In 1 Tool Kit Professional Precision 
Dc12V Universal Motorcycle Dc12V Waterproof Stainless Steel Headlight Fog Light Handlebar Adjustable Mount Push Button On-Off Lighting Switch - Bike Accessories,৳ 245,Dhaka,https://www.daraz.com.bd/products/dc12v-universal-motorcycle-dc12v-waterproof-stainless-steel-headlight-fog-light-handlebar-adjustable-mount-push-button-on-off-lighting-switch-bike-accessories-i293157246.html,245.0,Dc12V Universal Motorcycle Dc12V Waterproof Stainless Steel Headlight Fog Light 
Universal Motorcycle 12V 3 Wire On-Off-On Handlebar Fog Light Horn Headlight Break Light Button Switch (1Pcs) - Bike Accessories,৳ 255,Dhaka,https://www.daraz.com.bd/products/universal-motorcycle-12v-3-wire-on-off-on-handlebar-fog-light-horn-headlight-break-light-button-switch-1pcs-bike-accessories-i295626612.html,255.0,Universal Motorcycle 12V 3 Wire On-Off-On Handlebar Fog Light Horn Headlight Bre
7 In 1 Multi Screwdriver With Powerful Torch Light,৳ 199,Dhaka,https://www.daraz.com.bd/products/7-1-i276446877.html,199.0,7 In 1 Multi Screwdriver With Powerful Torch Light
Electronic Upper Arm Blood Pressure Monitor,"৳ 1,100",Dhaka,https://www.daraz.com.bd/products/-i498044462.html,1100.0,Electronic Upper Arm Blood Pressure Monitor
Wireless Receiver Bluetooth Audio Music Car Bluetooth Adapter,৳ 200,Dhaka,https://www.daraz.com.bd/products/wireless-receiver-bluetooth-audio-music-car-bluetooth-adapter-i315704739.html,200.0,Wireless Receiver Bluetooth Audio Music Car Bluetooth Adapter
31 In 1 Screw Driver Set,৳ 144,Dhaka,https://www.daraz.com.bd/products/31-1-i530134551.html,144.0,31 In 1 Screw Driver Set
HOCO E91 Wireless Intelligent Positioning With Dog Cat Tracker,"৳ 1,098",Dhaka,https://www.daraz.com.bd/products/hoco-e91-wireless-intelligent-positioning-with-dog-cat-tracker-i428334274.html,1098.0,HOCO E91 Wireless Intelligent Positioning With Dog Cat Tracker
"Precision Magnetic Screwdriver Accessory Kit with Adjustable Pole & Anti-Slip Handle, Work Repair Tool for Household Appliances, Electronics, Crafts & DIY Projects (Green)",৳ 189,Dhaka,https://www.daraz.com.bd/products/diy-i463371419.html,189.0,Precision Magnetic Screwdriver Accessory Kit with Adjustable Pole & Anti-Slip Ha
Soldering Tip Or Bit Copper For Soldering Iron,৳ 95,Dhaka,https://www.daraz.com.bd/products/soldering-tip-or-bit-copper-for-soldering-iron-i221440485.html,95.0,Soldering Tip Or Bit Copper For Soldering Iron
electronic sigarate,৳ 650,Dhaka,https://www.daraz.com.bd/products/-i422269391.html,650.0,electronic sigarate
Water Purifier Tap Iron Filter set With pp Filter Included,"৳ 1,500",Dhaka,https://www.daraz.com.bd/products/pp-i125859345.html,1500.0,Water Purifier Tap Iron Filter set With pp Filter Included
"24 in 1 Precision Screwdriver Set with Magnetic Driver, Jiffix Pocket Manual Screwdriver Tool Kit with Sliding Closure, Mini Professional Repair Tools for Electronics/Watch/Camera/Laptop/Glasses",৳ 299,Dhaka,https://www.daraz.com.bd/products/24-1-i526824351.html,299.0,"24 in 1 Precision Screwdriver Set with Magnetic Driver, Jiffix Pocket Manual Scr"
Update Model Scholl Velvet Smooth Electronic Foot Cleaner (Pedi Spin),৳ 394,Dhaka,https://www.daraz.com.bd/products/-i328247236.html,394.0,Update Model Scholl Velvet Smooth Electronic Foot Cleaner (Pedi Spin)
Authentic Aisilin NO.7389C 32-in-1 Screwdrivers Set,৳ 285,Dhaka,https://www.daraz.com.bd/products/aisilin-no7389c-32-1-i277352097.html,285.0,Authentic Aisilin NO.7389C 32-in-1 Screwdrivers Set
UNI-T AC Voltage Detector 24V~1000VAC Model UT12D - Kings Trading,৳ 750,Dhaka,https://www.daraz.com.bd/products/uni-t-ac-voltage-detector-24v1000vac-model-ut12d-kings-trading-i525710601.html,750.0,UNI-T AC Voltage Detector 24V~1000VAC Model UT12D - Kings Trading
STARINK 107A Black Laser Toner Compatible With HP 107X/W1107X Computer & Office Office Electronics Printer Supplies Toner-Cartridges Computers And Consumables Print 1000 Pages Without Chip,৳ 910,Dhaka,https://www.daraz.com.bd/products/starink-107a-hp-107xw1107x-1000-i246590869.html,910.0,STARINK 107A Black Laser Toner Compatible With HP 107X/W1107X Computer & Office 
"IR Sensor, Infrared Obstacle Avoidance Sensor For Arduino Smart Car Robot",৳ 59,Dhaka,https://www.daraz.com.bd/products/ir-arduino-i185253053.html,59.0,"IR Sensor, Infrared Obstacle Avoidance Sensor For Arduino Smart Car Robot"
60W Precision Iron with indicator,৳ 169,Dhaka,https://www.daraz.com.bd/products/60w-i192010770.html,169.0,60W Precision Iron with indicator
New Self Defiance Tactical Rod (Heavy Metal and Extendable Iron Folding Lathi,৳ 999,Dhaka,https://www.daraz.com.bd/products/new-self-defiance-tactical-rod-heavy-metal-and-extendable-iron-folding-lathi-i529597357.html,999.0,New Self Defiance Tactical Rod (Heavy Metal and Extendable Iron Folding Lathi
24 in 1 Magnetic Multi-purpose Precision Screwdriver Set disassembling laptop and millet mobile phone repair tool Aluminium S2 Steel Repair Tool,৳ 286,Dhaka,https://www.daraz.com.bd/products/24-1-i359425303.html,286.0,24 in 1 Magnetic Multi-purpose Precision Screwdriver Set disassembling laptop an
Infrared Obstacle Avoidance Sensor Reflection Photoelectric Sensor Module IR,৳ 79,Dhaka,https://www.daraz.com.bd/products/ir-i227573290.html,79.0,Infrared Obstacle Avoidance Sensor Reflection Photoelectric Sensor Module IR
"Rechargeable Finishing Touch Flawless Salon Nails Kit, Electronic Nail File and Full Manicure and Pedicure Tool",৳ 650,Dhaka,https://www.daraz.com.bd/products/-i344178300.html,650.0,"Rechargeable Finishing Touch Flawless Salon Nails Kit, Electronic Nail File and "
Motorcycle Odometer Speedometer Meter Screen Protection HD Film For MT V15,৳ 234,Dhaka,https://www.daraz.com.bd/products/mt-v15-hd-i339609133.html,234.0,Motorcycle Odometer Speedometer Meter Screen Protection HD Film For MT V15
Lcd Digital Scale 50Kgx10G Electronic Luggage Hanging Weight Scale Portabal Handheld Travel Suitcase Baggage Weight Scale,৳ 590,Dhaka,https://www.daraz.com.bd/products/lcd-50kg-x-10g-i529711551.html,590.0,Lcd Digital Scale 50Kgx10G Electronic Luggage Hanging Weight Scale Portabal Hand
HANDSKIT 90W LED Digital Soldering Iron Kit Adjust Temperature Electrical Soldering Iron,"৳ 2,450",Dhaka,https://www.daraz.com.bd/products/handskit-90w-led-digital-soldering-iron-kit-adjust-temperature-electrical-soldering-iron-i184937511.html,2450.0,HANDSKIT 90W LED Digital Soldering Iron Kit Adjust Temperature Electrical Solder
25-in-1 screwdriver set for disassembling laptop and millet mobile phone repair tool disassembly machine,৳ 399,Dhaka,https://www.daraz.com.bd/products/25-1-i203563764.html,399.0,25-in-1 screwdriver set for disassembling laptop and millet mobile phone repair 
"Metal Coffee Cup Rack Wall Mounted Coffee Mug Hanger Wall Mug Rack in Kitchen or Coffee Bar for Mug Display or Storage, Wall Coffee Mug Holder -Space Saver",৳ 340,Dhaka,https://www.daraz.com.bd/products/-i345898996.html,340.0,Metal Coffee Cup Rack Wall Mounted Coffee Mug Hanger Wall Mug Rack in Kitchen or
Multifunction 31 in 1 Precision Handle Mini Screw driver set Mobile Phone Watch Laptop Repair Kit Tools Household Accessories,৳ 149,Dhaka,https://www.daraz.com.bd/products/31-1-i124786889.html,149.0,Multifunction 31 in 1 Precision Handle Mini Screw driver set Mobile Phone Watch 
58Pcs Screwdriver Tool Kit Set Mobile Phone Computer Laptop,৳ 790,Dhaka,https://www.daraz.com.bd/products/58-i524780220.html,790.0,58Pcs Screwdriver Tool Kit Set Mobile Phone Computer Laptop
Odometer Speedometer Screen Protector HD Film for Honda Hornet 2.0-1 Set,৳ 350,Dhaka,https://www.daraz.com.bd/products/odometer-speedometer-screen-protector-hd-film-for-honda-hornet-20-1-set-i312224759.html,350.0,Odometer Speedometer Screen Protector HD Film for Honda Hornet 2.0-1 Set
Bicycle Plastic & Iron Basket For Kids Bike Accessories Red/blue,৳ 299,Khulna,https://www.daraz.com.bd/products/-i270542351.html,299.0,Bicycle Plastic & Iron Basket For Kids Bike Accessories Red/blue
25mm Brass Padlock 3 Dial Combination Number Lock Small Lock Luggage Lock,৳ 260,Rajshahi,https://www.daraz.com.bd/products/-i197758951.html,260.0,25mm Brass Padlock 3 Dial Combination Number Lock Small Lock Luggage Lock
"KZ Earphones Cable With Mic 0.75mm 2 Pin Cable For AS16 ZSX ZS6 ZST PRO cable, ZSR ZS10 cable, ZSA AS12 BA10 ZSN pro cable",৳ 585,Dhaka,https://www.daraz.com.bd/products/as16-zsx-zs6-zst-pro-zsr-zs10-zsa-as12-ba10-zsn-pro-075mm-2-kz-i200790352.html,585.0,"KZ Earphones Cable With Mic 0.75mm 2 Pin Cable For AS16 ZSX ZS6 ZST PRO cable, Z"
DIY Ultrasonic Levitator Suspension Standing Wave Controller,"৳ 1,416",Overseas,https://www.daraz.com.bd/products/diy-i492048534.html,1416.0,DIY Ultrasonic Levitator Suspension Standing Wave Controller
Phone case For OnePlus Nord CE4 Back cover Shockproof Armor iron Metal Ring Kickstand Bracket Casing For OnePlus Nord CE4 Lite Cover cases,৳ 649,Overseas,https://www.daraz.com.bd/products/oneplus-nord-ce4-oneplus-nord-ce4-lite-i392066904.html,649.0,Phone case For OnePlus Nord CE4 Back cover Shockproof Armor iron Metal Ring Kick
Heavy Plastic Bike Chain Cleaner Brush - Bike Accessories,৳ 129,Dhaka,https://www.daraz.com.bd/products/heavy-plastic-bike-chain-cleaner-brush-bike-accessories-i220355979.html,129.0,Heavy Plastic Bike Chain Cleaner Brush - Bike Accessories
Water Purifier Tap Iron Filter set With pp Filter Included,"৳ 1,250",Dhaka,https://www.daraz.com.bd/products/pp-i319792546.html,1250.0,Water Purifier Tap Iron Filter set With pp Filter Included
Welding Iron Wire Reel 0.8mm Solder Wire Reel,৳ 60,Dhaka,https://www.daraz.com.bd/products/08mm-i118728035.html,60.0,Welding Iron Wire Reel 0.8mm Solder Wire Reel
"7 in 1 Multifunctional Electronic Cleaner Kit, Keyboard Cleaner Kit with Brush, 3 in 1 Cleaning Pen for AirPods Pro, Multifunctional Cleaning Kit for Earphone, Keyboard, Laptop, Phone, PC Monitor-Multicolor",৳ 255,Dhaka,https://www.daraz.com.bd/products/7-in-1-airpods-pro-3-in-1-i324190283.html,255.0,"7 in 1 Multifunctional Electronic Cleaner Kit, Keyboard Cleaner Kit with Brush, "
USB Charger With On-Off switch for Motorcycle . Black,৳ 230,Dhaka,https://www.daraz.com.bd/products/usb-i258319397.html,230.0,USB Charger With On-Off switch for Motorcycle . Black
SOLDERING IRON MEGA COMBO PACK WITH (60W HI QUALITY IRON+DT830D MULTIMETER+SUCKER+SOLDERING WIRE+SUCKER+ROSIN) RPELECTRONICS,৳ 690,Dhaka,https://www.daraz.com.bd/products/60w-dt830d-rpelectronics-i338397481.html,690.0,SOLDERING IRON MEGA COMBO PACK WITH (60W HI QUALITY IRON+DT830D MULTIMETER+SUCKE
Water Iron Removal Filter With All Accessories,"৳ 1,290",Chattogram,https://www.daraz.com.bd/products/-i141278084.html,1290.0,Water Iron Removal Filter With All Accessories
Single Stage Iron Removal water treatment housing With accessories & one year cartridge,"৳ 1,300",Chattogram,https://www.daraz.com.bd/products/-i317169914.html,1300.0,Single Stage Iron Removal water treatment housing With accessories & one year ca
"Electronic Smokeless Ashtray 2-in-1 Air Purifier - Smart Multi-Grade Ashtray with Fragrant Filter for Home, Car, Office & Smoke Dilution",৳ 769,Dhaka,https://www.daraz.com.bd/products/2-1-i506212069.html,769.0,Electronic Smokeless Ashtray 2-in-1 Air Purifier - Smart Multi-Grade Ashtray wit
8 In 1 Multi Size Screwdriver Set Mobile Opening Toolprecision Handle Mini Screw Driver Set Mobile Phone Watch Laptop Repair Kit Tools Household Accessories - Tools,৳ 185,Dhaka,https://www.daraz.com.bd/products/8-in-1-multi-size-screwdriver-set-mobile-opening-toolprecision-handle-mini-screw-driver-set-mobile-phone-watch-laptop-repair-kit-tools-household-accessories-tools-i216426281.html,185.0,8 In 1 Multi Size Screwdriver Set Mobile Opening Toolprecision Handle Mini Screw
"Magnetic Wristband for Holding Screws, Nails, Drilling Bits, Wrist Tool Holder Belts with Strong Magnets, five Rows of Ten Magnets.",৳ 100,Dhaka,https://www.daraz.com.bd/products/-i526593250.html,100.0,"Magnetic Wristband for Holding Screws, Nails, Drilling Bits, Wrist Tool Holder B"
Bike Brand Logo Front Name Plate Led Light For Suzuki Motorcycle - Bike Accessories,৳ 165,Dhaka,https://www.daraz.com.bd/products/led-i318596056.html,165.0,Bike Brand Logo Front Name Plate Led Light For Suzuki Motorcycle - Bike Accessor
STARINK 107A Black Laser Toner Compatible for HP 107X/W1107X Print 1000 Pages With Chip Computer & Office Office Electronics Printer Supplies Toner-Cartridges Computers and consumables,৳ 980,Chattogram,https://www.daraz.com.bd/products/hp-107xw1107x-1000-starink-107a-i279406122.html,980.0,STARINK 107A Black Laser Toner Compatible for HP 107X/W1107X Print 1000 Pages Wi
NO 1 DC Male Jack Power Plug Yellow Top 4PCS,৳ 45,Chattogram,https://www.daraz.com.bd/products/no-1-dc-male-jack-power-plug-yellow-top-4pcs-i330232651.html,45.0,NO 1 DC Male Jack Power Plug Yellow Top 4PCS
Ublox NEO-6m Global Positioning System Module for engineering student Project,৳ 579,Dhaka,https://www.daraz.com.bd/products/gy-neo-6m-neo-6m-gps-neo6mv2-i323573057.html,579.0,Ublox NEO-6m Global Positioning System Module for engineering student Project
3 Level Hanging Rectangle Shape Wall Mount Storage Rack Organizer Kitchen rack Furniture space savers,৳ 598,Dhaka,https://www.daraz.com.bd/products/3-i329225805.html,598.0,3 Level Hanging Rectangle Shape Wall Mount Storage Rack Organizer Kitchen rack F
Bicycle Basket Iron Frame bicycle Accessories 1 pc - সাইকেল,৳ 399,Khulna,https://www.daraz.com.bd/products/bicycle-basket-iron-frame-bicycle-accessories-1-pc-i147896994.html,399.0,Bicycle Basket Iron Frame bicycle Accessories 1 pc - সাইকেল
"Heavy Iron Chain - Ensure Security With This Heavy Iron Chain Lock System, Offering Reliable Protection For Your Belongings With Its 2-Fit Length",৳ 99,Sylhet,https://www.daraz.com.bd/products/heavy-iron-chain-ensure-security-with-this-heavy-iron-chain-lock-system-offering-reliable-protection-for-your-belongings-with-its-2-fit-length-i293200271.html,99.0,"Heavy Iron Chain - Ensure Security With This Heavy Iron Chain Lock System, Offer"
30 in 1 Multi-Purpose Screwdriver Kit - Green and Silver,৳ 219,Dhaka,https://www.daraz.com.bd/products/30-in-1-multi-purpose-screwdriver-kit-green-and-silver-i183873111.html,219.0,30 in 1 Multi-Purpose Screwdriver Kit - Green and Silver
DOUBLE BATTERY AC DC RECHARGEBLE LED BULB CIRCUIT DRIVER,৳ 148,Dhaka,https://www.daraz.com.bd/products/ac-dc-led-i306275021.html,148.0,DOUBLE BATTERY AC DC RECHARGEBLE LED BULB CIRCUIT DRIVER
PC Casing Power Push Button Cable ATX Computer On/Off Switch Wire 3 pcs,৳ 54,Dhaka,https://www.daraz.com.bd/products/pc-atx-i194447287.html,54.0,PC Casing Power Push Button Cable ATX Computer On/Off Switch Wire 3 pcs
Car Ignition Switch Cover Luminous Key Ring Hole Cover Sticker,৳ 50,Rajshahi,https://www.daraz.com.bd/products/-i238357893.html,50.0,Car Ignition Switch Cover Luminous Key Ring Hole Cover Sticker
Tyre Air Pressure Gauge Meter Electronic Digital LCD Tire Manometer Tester Tool,৳ 580,Dhaka,https://www.daraz.com.bd/products/lcd-i313276393.html,580.0,Tyre Air Pressure Gauge Meter Electronic Digital LCD Tire Manometer Tester Tool
Motorcycle Indicator Flasher Horn (Full Setup) - Bike Accessories,৳ 150,Dhaka,https://www.daraz.com.bd/products/motorcycle-indicator-flasher-horn-full-setup-bike-accessories-i191481960.html,150.0,Motorcycle Indicator Flasher Horn (Full Setup) - Bike Accessories
For Huawei P30 pro Avenger Iron Man style for Huawei P30 pro magnetic ring back case Holder ring iron man case,৳ 609,Overseas,https://www.daraz.com.bd/products/cotini-storep30-pro-avenger-iron-man-style-p30-pro-magnetic-ring-back-case-holder-ring-iron-man-case-i356610120.html,609.0,For Huawei P30 pro Avenger Iron Man style for Huawei P30 pro magnetic ring back 
"1 PCS 10"" Cast Iron Steak Fajita Sizzling Platter Plate w/ wooden holder","৳ 1,654",Overseas,https://www.daraz.com.bd/products/1-10-i286988705.html,1654.0,"1 PCS 10"" Cast Iron Steak Fajita Sizzling Platter Plate w/ wooden holder"
LED Motorcycle Switch ON-Off Push 3 ButtonsHandlebar Adjustable Mount Waterproof Switches Button for Headlight Horn Turn Signal - Bike Accessories,৳ 850,Dhaka,https://www.daraz.com.bd/products/led-motorcycle-switch-on-off-push-3-buttonshandlebar-adjustable-mount-waterproof-switches-button-for-headlight-horn-turn-signal-bike-accessories-i183789373.html,850.0,LED Motorcycle Switch ON-Off Push 3 ButtonsHandlebar Adjustable Mount Waterproof
Tatal -Soldering Iron Stand^^**Black**^^,৳ 65,Dhaka,https://www.daraz.com.bd/products/tatal-i270065228.html,65.0,Tatal -Soldering Iron Stand^^**Black**^^
Electronic Rechargeable USB Foot Massage Mat,৳ 299,Dhaka,https://www.daraz.com.bd/products/-i318067106.html,299.0,Electronic Rechargeable USB Foot Massage Mat
High-quality 31 in 1 screwdriver set/Aluminium Steel Screw Driver Set,৳ 135,Dhaka,https://www.daraz.com.bd/products/31-1-i276933069.html,135.0,High-quality 31 in 1 screwdriver set/Aluminium Steel Screw Driver Set
GIXXER Logo LED Light/Night light/Logo Parking Light for Motorcycle,৳ 155,Dhaka,https://www.daraz.com.bd/products/gixxer-led-i183782610.html,155.0,GIXXER Logo LED Light/Night light/Logo Parking Light for Motorcycle
Soldering Tools Kit Best Combo (60w iron+Digital Multi Meter+desoldering pump+soldering wire+stand+rosin),৳ 665,Dhaka,https://www.daraz.com.bd/products/soldering-tools-kit-best-combo-60w-irondigital-multi-meterdesoldering-pumpsoldering-wirestandrosin-i221270679.html,665.0,Soldering Tools Kit Best Combo (60w iron+Digital Multi Meter+desoldering pump+so
USB Humidifier Atomizing Chip Circuit Driver PCB Circuit Board Electronic Accessories 5V Spray Incubation Experimental Equipment,৳ 333,Dhaka,https://www.daraz.com.bd/products/usb-pcb-5v-i220526381.html,333.0,USB Humidifier Atomizing Chip Circuit Driver PCB Circuit Board Electronic Access
"Banana Stand Holder Iron Banana Stand, Banana Hanger With Hook For Kitchen Counter",৳ 390,Dhaka,https://www.daraz.com.bd/products/-i183745101.html,390.0,"Banana Stand Holder Iron Banana Stand, Banana Hanger With Hook For Kitchen Count"
High-quality 31 in 1 screwdriver set,৳ 139,Dhaka,https://www.daraz.com.bd/products/high-quality-31-in-1-screwdriver-set-i110648114.html,139.0,High-quality 31 in 1 screwdriver set
Digital AC/DC[12V-220V]Tester Pen With Night Sight Induction Test Multi Sensor LCD Display Voltmeter Electrical Trade Tools & Testers]]]]RT,৳ 247,Dhaka,https://www.daraz.com.bd/products/acdc-12v-220v-lcd-rt-i225879839.html,247.0,Digital AC/DC[12V-220V]Tester Pen With Night Sight Induction Test Multi Sensor L
"KD 900M-T-I Type Electric Soldering Iron Replacement Tip Solder Iron Head For V900, 878D- 60W-80W Soldering Welding Repair Station And Kit",৳ 45,Dhaka,https://www.daraz.com.bd/products/kd-900m-t-i-type-electric-soldering-iron-replacement-tip-solder-iron-head-for-v900-878d-60w-80w-soldering-welding-repair-station-and-kit-i292448211.html,45.0,KD 900M-T-I Type Electric Soldering Iron Replacement Tip Solder Iron Head For V9
Electronic Circuit Laptop Sticker - Laptop Sticker,৳ 139,Dhaka,https://www.daraz.com.bd/products/electronic-circuit-laptop-sticker-laptop-sticker-i153580493.html,139.0,Electronic Circuit Laptop Sticker - Laptop Sticker
"32 in 1 Multifunctional Screwdriver Tool Set For Mobile Phone, Computer, Electronic Product repair, Camera Maintenance and Disassembly",৳ 230,Dhaka,https://www.daraz.com.bd/products/32-in-1-multifunctional-screwdriver-tool-set-for-mobile-phone-computer-electronic-product-repair-camera-maintenance-and-disassembly-i182648891.html,230.0,"32 in 1 Multifunctional Screwdriver Tool Set For Mobile Phone, Computer, Electro"
Motorcycle Handlebar Switch with LED Light Momentary Button for Electric Start Waterproof Control Switch Button 7/8'' 22mm Multicolor (Random Color),৳ 199,Dhaka,https://www.daraz.com.bd/products/motorcycle-handlebar-switch-with-led-light-momentary-button-for-electric-start-waterproof-control-switch-button-78-22mm-multicolor-random-color-i304040710.html,199.0,Motorcycle Handlebar Switch with LED Light Momentary Button for Electric Start W
MB102 Solderless Breadboard 16.5x5.5cm 830 Point Prototype PCB MB-102 Breadboard Use Project Uno R3 ESP8266 Jumper Wire,৳ 145,Chattogram,https://www.daraz.com.bd/products/mb102-solderless-breadboard-165x55cm-830-point-prototype-pcb-mb-102-breadboard-use-project-uno-r3-esp8266-jumper-wire-i335170088.html,145.0,MB102 Solderless Breadboard 16.5x5.5cm 830 Point Prototype PCB MB-102 Breadboard
Motorcycle Brand Logo LED Light for bike Yamaha - Bike Accessories - Bike Accessories,৳ 165,Dhaka,https://www.daraz.com.bd/products/led-yamaha-i215332853.html,165.0,Motorcycle Brand Logo LED Light for bike Yamaha - Bike Accessories - Bike Access
31 in screwdriver set,৳ 129,Dhaka,https://www.daraz.com.bd/products/31-i288119527.html,129.0,31 in screwdriver set
New Brand Soldering Iron 60 Watt 1 unit,৳ 199,Dhaka,https://www.daraz.com.bd/products/60-1-i244855094.html,199.0,New Brand Soldering Iron 60 Watt 1 unit
2PCS Gift Concealed Buckle Packaging Box Protective Shell Accessories Antique Buckle,৳ 60,Dhaka,https://www.daraz.com.bd/products/2-i323369217.html,60.0,2PCS Gift Concealed Buckle Packaging Box Protective Shell Accessories Antique Bu
5 LED Light Magnifier Magnifying Glass Helping Hand Soldering Stand with 3 Lens - Orange,"৳ 1,200",Dhaka,https://www.daraz.com.bd/products/5-led-3-i121523105.html,1200.0,5 LED Light Magnifier Magnifying Glass Helping Hand Soldering Stand with 3 Lens 
"IR Sensor, Infrared Obstacle Avoidance Sensor For Arduino Smart Car Robot",৳ 49,Chattogram,https://www.daraz.com.bd/products/ir-sensor-infrared-obstacle-avoidance-sensor-for-arduino-smart-car-robot-i286595641.html,49.0,"IR Sensor, Infrared Obstacle Avoidance Sensor For Arduino Smart Car Robot"
Soldering Iron Stand,৳ 75,Dhaka,https://www.daraz.com.bd/products/soldering-iron-stand-i214954238.html,75.0,Soldering Iron Stand
"60W Soldering Iron mixed Coper Bit Bend, Iron Tip mixed Coper Replaceable",৳ 79,Dhaka,https://www.daraz.com.bd/products/60w-i224867584.html,79.0,"60W Soldering Iron mixed Coper Bit Bend, Iron Tip mixed Coper Replaceable"
31 in 1 Screw Driver set - Yellow,৳ 149,Dhaka,https://www.daraz.com.bd/products/31-1-i123097051.html,149.0,31 in 1 Screw Driver set - Yellow
IR Sensor Module,৳ 50,Dhaka,https://www.daraz.com.bd/products/ir-i183893202.html,50.0,IR Sensor Module
New High Quality Big Size Bike/Car/Cycle ANCHI LOCK/Beri Iron Rod Tala With 2 Pcs Key Red/Blue/Black Color-1 Piece(IMPORTED),৳ 850,Khulna,https://www.daraz.com.bd/products/2-1-i283238092.html,850.0,New High Quality Big Size Bike/Car/Cycle ANCHI LOCK/Beri Iron Rod Tala With 2 Pc
Lcd Tablet Writing 8.5 Inch LCD Drawing Tablet lcd electronic writing pad drawing board for children,৳ 147,Dhaka,https://www.daraz.com.bd/products/lcd-tablet-writing-85-inch-lcd-drawing-tablet-lcd-electronic-writing-pad-drawing-board-for-children-i203039266.html,147.0,Lcd Tablet Writing 8.5 Inch LCD Drawing Tablet lcd electronic writing pad drawin
Energy Saving Gas Stove Cover Windproof Disk Heat Insulation Non-Slip Iron Stove Rack for Cooktop Range Pan Holder Stand Universal Round,৳ 198,Dhaka,https://www.daraz.com.bd/products/-i324329825.html,198.0,Energy Saving Gas Stove Cover Windproof Disk Heat Insulation Non-Slip Iron Stove
Bike Pillion Hook/Holder Hook/Bag Holder For All Bikes (Made In India) - Bike Accessories,৳ 215,Khulna,https://www.daraz.com.bd/products/bike-pillion-hookholder-hookbag-holder-for-all-bikes-made-in-india-bike-accessories-i167244462.html,215.0,Bike Pillion Hook/Holder Hook/Bag Holder For All Bikes (Made In India) - Bike Ac
31in1 screwdriver set,৳ 129,Dhaka,https://www.daraz.com.bd/products/31-1-i288848471.html,129.0,31in1 screwdriver set
9V/12V/24V to 5V DC-DC Step Down Car Charging Car Charger 3A Output USB Module Diy Electronic Diy Kit Pcb Board,৳ 144,Dhaka,https://www.daraz.com.bd/products/9v12v24v-5v-dc-dc-3a-usb-diy-diy-pcb-i140050265.html,144.0,9V/12V/24V to 5V DC-DC Step Down Car Charging Car Charger 3A Output USB Module D
SWS tap Water Purifier and Iron dust Remover filter - Water Jar,৳ 650,Dhaka,https://www.daraz.com.bd/products/sws-tap-water-purifier-and-iron-dust-remover-filter-water-jar-i202602644.html,650.0,SWS tap Water Purifier and Iron dust Remover filter - Water Jar
MQ-2 Flammable Gas & Smoke Sensor,৳ 151,Chattogram,https://www.daraz.com.bd/products/mq-2-flammable-gas-smoke-sensor-i321590257.html,151.0,MQ-2 Flammable Gas & Smoke Sensor
3-Tier Microwave Oven Storage Rack - Kitchen Organizer (22x16x24 Inches),"৳ 1,900",Sylhet,https://www.daraz.com.bd/products/3-22x16x24-i319155811.html,1900.0,3-Tier Microwave Oven Storage Rack - Kitchen Organizer (22x16x24 Inches)
"25 in 1 Multifunctional Screwdriver Tool Set For Mobile Phone, Computer, Electronic Product repair, Camera Maintenance and Disassembly",৳ 399,Dhaka,https://www.daraz.com.bd/products/25-in-1-multifunctional-screwdriver-tool-set-for-mobile-phone-computer-electronic-product-repair-camera-maintenance-and-disassembly-i203560979.html,399.0,"25 in 1 Multifunctional Screwdriver Tool Set For Mobile Phone, Computer, Electro"
London eye ferris wheel home decoration gift model metal jewelry home decoration accessories,৳ 329,Chattogram,https://www.daraz.com.bd/products/-i341194290.html,329.0,London eye ferris wheel home decoration gift model metal jewelry home decoration
DIY Audio Sound Box Speaker Wall Mount Iron Hook Hanger Plate 5PCS,"৳ 1,044",Overseas,https://www.daraz.com.bd/products/diy-audio-sound-box-speaker-wall-mount-iron-hook-hanger-plate-5pcs-i293501959.html,1044.0,DIY Audio Sound Box Speaker Wall Mount Iron Hook Hanger Plate 5PCS
"2 pcs set, 1 pcs 3 Step and 1 pcs 2 step square shape Walls For The Kitchen Hanging Rack - Optimize Your Kitchen Storage With This square shape Hanging Rack made is high quality iron stick white colour, made is high quality iron stick white colour combo p",৳ 500,Dhaka,https://www.daraz.com.bd/products/2-1-3-1-2-i374514586.html,500.0,"2 pcs set, 1 pcs 3 Step and 1 pcs 2 step square shape Walls For The Kitchen Hang"
"""1-Piece Square Shape 2-Step Hanging Corner Storage Rack – Durable Iron, White Finish, Easy to Install, Ideal for Kitchen Space Saving and Accessory Organization""",৳ 220,Dhaka,https://www.daraz.com.bd/products/1-2-i412170646.html,220.0,"""1-Piece Square Shape 2-Step Hanging Corner Storage Rack – Durable Iron, White F"
"Ruti Belun, phiri Stand And Tishu Holder",৳ 490,Dhaka,https://www.daraz.com.bd/products/-i392682133.html,490.0,"Ruti Belun, phiri Stand And Tishu Holder"
Kitchen rack 2 layer kitchen shelf kitchen organizer spice jar organizer kitchen Decoration Rack,৳ 898,Dhaka,https://www.daraz.com.bd/products/2-i528829111.html,898.0,Kitchen rack 2 layer kitchen shelf kitchen organizer spice jar organizer kitchen
"7 in 1 Electronic Cleaning Brush, Keyboard Cleaner Kit with Brush, 3 in 1 Cleaning Pen for AirPods Pro, Cleaning Brush for Earphone, Laptop, Phone, PC Monitor- Multifunctional & Multicolor",৳ 249,Dhaka,https://www.daraz.com.bd/products/7-1-3-1-i328347232.html,249.0,"7 in 1 Electronic Cleaning Brush, Keyboard Cleaner Kit with Brush, 3 in 1 Cleani"
"1 Set 9-in-1 Tool Screwdriver, Cross Recessed, Y-shaped, U-shaped, Multi-functional Screwdriver Set, Suitable For Computer, Tablet, Mobile Phone, Laptop Repair",৳ 199,Dhaka,https://www.daraz.com.bd/products/1-9-1-i347907770.html,199.0,"1 Set 9-in-1 Tool Screwdriver, Cross Recessed, Y-shaped, U-shaped, Multi-functio"
FLAWLESS PEDI ELECTRONIC PEDICURE TOOL,৳ 990,Dhaka,https://www.daraz.com.bd/products/-i323486139.html,990.0,FLAWLESS PEDI ELECTRONIC PEDICURE TOOL
electronic sigarate ce 100,৳ 600,Dhaka,https://www.daraz.com.bd/products/ce-100-i525295518.html,600.0,electronic sigarate ce 100
20Pcs Large Test Hook Clip Grabber Probe for Electronic Testing Multimeter Accessories,৳ 909,Overseas,https://www.daraz.com.bd/products/20-i341051836.html,909.0,20Pcs Large Test Hook Clip Grabber Probe for Electronic Testing Multimeter Acces
"Universal Black Car Exhaust Muffler Pipe Simulator Sound Exhaust Whistle Sound Car Sound Turbo Whistle for Motorcycle, Truck, Cars, Dirt Bike and Scooter(XL)",৳ 360,Dhaka,https://www.daraz.com.bd/products/-i468347840.html,360.0,Universal Black Car Exhaust Muffler Pipe Simulator Sound Exhaust Whistle Sound C
Portable Travel Gadget Storage Bag Cable Organizer Bag Waterproof Electronic Storage Bag Carrying Case Earphone Charge Power Bank Digital Pouch,৳ 485,Chattogram,https://www.daraz.com.bd/products/-i415044728.html,485.0,Portable Travel Gadget Storage Bag Cable Organizer Bag Waterproof Electronic Sto
WiWU Salem Pouch Electronics Accessories Organizer Portable Digital Storage Bag,"৳ 1,800",Dhaka,https://www.daraz.com.bd/products/wiwu-salem-pouch-electronics-accessories-organizer-portable-digital-storage-bag-i346422919.html,1800.0,WiWU Salem Pouch Electronics Accessories Organizer Portable Digital Storage Bag
"Water Iron Removal Filter With All Accessories-1/2"" Inch./1/4""","৳ 1,045",Dhaka,https://www.daraz.com.bd/products/12-inch14-i322897651.html,1045.0,"Water Iron Removal Filter With All Accessories-1/2"" Inch./1/4"""
"1/2"" In-Out Clear housing+10"" PP Filter+Lipul+Opaner+থ্রেট ট্যাপ iron & all dust Remove water purifier system.",৳ 950,Dhaka,https://www.daraz.com.bd/products/12-10-pp-i501316884.html,950.0,"1/2"" In-Out Clear housing+10"" PP Filter+Lipul+Opaner+থ্রেট ট্যাপ iron & all dust"
"Electric Foot Callus Removers Rechargeable, Portable Electronic Foot File Pedicure Tools",৳ 559,Dhaka,https://www.daraz.com.bd/products/electric-foot-callus-removers-rechargeable-portable-electronic-foot-file-pedicure-tools-i503896617.html,559.0,"Electric Foot Callus Removers Rechargeable, Portable Electronic Foot File Pedicu"
Electric Neon Testar Electric Testar,৳ 69,Dhaka,https://www.daraz.com.bd/products/-i291558241.html,69.0,Electric Neon Testar Electric Testar
Water Purifier Tap Iron Filter set With Sediment Filter Included,"৳ 1,150",Dhaka,https://www.daraz.com.bd/products/-i115252918.html,1150.0,Water Purifier Tap Iron Filter set With Sediment Filter Included
Odometer Speedometer Screen Protector HD Film for Suzukki Gixxer and SF New Model-1 Set,৳ 350,Dhaka,https://www.daraz.com.bd/products/odometer-speedometer-screen-protector-hd-film-for-suzukki-gixxer-and-sf-new-model-1-set-i264624398.html,350.0,Odometer Speedometer Screen Protector HD Film for Suzukki Gixxer and SF New Mode
SMART BOX TV REMOTE GREEN ELECTRONICS,৳ 120,Dhaka,https://www.daraz.com.bd/products/-i390826967.html,120.0,SMART BOX TV REMOTE GREEN ELECTRONICS
"Digital Hanging Weight Scale-Weiheng, Electronic Portable LCD Digital Scale Double Precision Luggage Weight Scale Balance Scales For Hanging Hook Travel",৳ 350,Dhaka,https://www.daraz.com.bd/products/lcd-i261731228.html,350.0,"Digital Hanging Weight Scale-Weiheng, Electronic Portable LCD Digital Scale Doub"
Soldering Iron 60Watt High Quality Brand New,৳ 200,Dhaka,https://www.daraz.com.bd/products/60-i127086077.html,200.0,Soldering Iron 60Watt High Quality Brand New
Self-Grip Hair Rollers Heatless Hair Curlers No Heat Hair Bangs Volume Self-adhesive Hook & Loop DIY Styling Tools Air bangs self-adhesive curling iron styling inner buckle hair root fluffy clip,৳ 320,Dhaka,https://www.daraz.com.bd/products/diy-i507010076.html,320.0,Self-Grip Hair Rollers Heatless Hair Curlers No Heat Hair Bangs Volume Self-adhe
12V Motorcycle Handlebar Switch 22Mm On-Off-On Headlight Fog Brake Light 1Pc Button Switch - Bike Accessories,৳ 267,Dhaka,https://www.daraz.com.bd/products/12v-motorcycle-handlebar-switch-22mm-on-off-on-headlight-fog-brake-light-1pc-button-switch-bike-accessories-i232258116.html,267.0,12V Motorcycle Handlebar Switch 22Mm On-Off-On Headlight Fog Brake Light 1Pc But
Oppo a12 / oppo a12s / oppo a5s / oppo a7 - Luxury Iron Man Hard Ring Armor And Soft Silicone Tpu Phone Case Back Cover Phone Cover Casing,৳ 250,Dhaka,https://www.daraz.com.bd/products/oppo-a12-oppo-a12s-oppo-a5s-oppo-a7-luxury-iron-man-hard-ring-armor-and-soft-silicone-tpu-phone-case-back-cover-phone-cover-casing-i315663243.html,250.0,Oppo a12 / oppo a12s / oppo a5s / oppo a7 - Luxury Iron Man Hard Ring Armor And 
Commonly used automatic washing machine water level switch electronic water level sensor washing machine accessories water level sensor,৳ 450,Dhaka,https://www.daraz.com.bd/products/-i165434913.html,450.0,Commonly used automatic washing machine water level switch electronic water leve
Metal Fruit Basket 2 Level Portable Kitchen Storage Countertop Rack - Stylish And Portable Storage Solution For Your Kitchen,৳ 650,Dhaka,https://www.daraz.com.bd/products/metal-fruit-basket-2-level-portable-kitchen-storage-countertop-rack-stylish-and-portable-storage-solution-for-your-kitchen-i321489524.html,650.0,Metal Fruit Basket 2 Level Portable Kitchen Storage Countertop Rack - Stylish An
Bike Brand Logo Front Name Plate Led Light For honda Motorcycle - Bike Accessories,৳ 160,Dhaka,https://www.daraz.com.bd/products/led-i318596082.html,160.0,Bike Brand Logo Front Name Plate Led Light For honda Motorcycle - Bike Accessori
French Craft Hand Grinding Drawing Smooth Tie Pin Tie Clip,৳ 255,Dhaka,https://www.daraz.com.bd/products/french-craft-hand-grinding-drawing-smooth-tie-pin-tie-clip-i188785011.html,255.0,French Craft Hand Grinding Drawing Smooth Tie Pin Tie Clip
Large Area Rain Sensor DC 3V 5V Weather Raindrops Rainwater Module Rain Sensors With Digital & Analog Output Rain Humidity Detection Sensor Module,৳ 99,Khulna,https://www.daraz.com.bd/products/dc-3v-5v-i214518806.html,99.0,Large Area Rain Sensor DC 3V 5V Weather Raindrops Rainwater Module Rain Sensors 
"For Uv-K5/K6 Radio Walkie-Talkie Modification Module to Add Long Wave, Medium Wave, Short Wave FM Functions","৳ 2,916",Overseas,https://www.daraz.com.bd/products/fm-uv-k5k6-i376172071.html,2916.0,"For Uv-K5/K6 Radio Walkie-Talkie Modification Module to Add Long Wave, Medium Wa"
8 in 1 Screwdriver Set,৳ 220,Rangpur,https://www.daraz.com.bd/products/8-1-i279885290.html,220.0,8 in 1 Screwdriver Set
【Lejia】EverToner Hard Accessories Power Case Electronic Gadgets Bag for Apple Travel Bag iPhone Accessories Storage Bag,"৳ 1,285",Overseas,https://www.daraz.com.bd/products/lejia-i340749137.html,1285.0,【Lejia】EverToner Hard Accessories Power Case Electronic Gadgets Bag for Apple Tr
WiWU Macbook Mate Electronic Storage Bag with Wrist Portable Storage Case Accessories Pouch,"৳ 1,398",Dhaka,https://www.daraz.com.bd/products/wiwu-macbook-mate-electronic-storage-bag-with-wrist-portable-storage-case-accessories-pouch-i346426474.html,1398.0,WiWU Macbook Mate Electronic Storage Bag with Wrist Portable Storage Case Access
13 in 1 Torch Tip Cleaner Tools Welding Tip Cleaner Nozzle Cutting Needles Kit Stainless Steel Reamers for Welding Soldering Cutting (1-pack),৳ 838,Overseas,https://www.daraz.com.bd/products/13-1-1-i323867774.html,838.0,13 in 1 Torch Tip Cleaner Tools Welding Tip Cleaner Nozzle Cutting Needles Kit S
magsafe Suitable for Apple 15 Phone Case Skin-Sensitive Magnetic Acrylic iphone14/13promax Transparent 12,৳ 903,Overseas,https://www.daraz.com.bd/products/apple-15-iphone1413promax-12-magsafe-i362755360.html,903.0,magsafe Suitable for Apple 15 Phone Case Skin-Sensitive Magnetic Acrylic iphone1
Koocu Mobile Screw Pack Universal Size Mixed Color for Mobile Tab Watche,৳ 69,Dhaka,https://www.daraz.com.bd/products/koocu-i200565360.html,69.0,Koocu Mobile Screw Pack Universal Size Mixed Color for Mobile Tab Watche
"""White Square 3-Layer Kitchen Rack – Durable Iron, Wall Hanging, Easy to Install, Modern Space Saver for Accessories – 1 Pc""",৳ 310,Dhaka,https://www.daraz.com.bd/products/3-1-i412150877.html,310.0,"""White Square 3-Layer Kitchen Rack – Durable Iron, Wall Hanging, Easy to Install"
Alice Guitar Polish 30ml Pack + Free Gift Alice String bridge pin remover winder on Dubai Sports,৳ 549,Dhaka,https://www.daraz.com.bd/products/alice-30ml-alice-i142480955.html,549.0,Alice Guitar Polish 30ml Pack + Free Gift Alice String bridge pin remover winder
Motorcycle Brand Logo LED Light for bike Pulsar,৳ 165,Dhaka,https://www.daraz.com.bd/products/led-i215335566.html,165.0,Motorcycle Brand Logo LED Light for bike Pulsar
Newv 31 In 1 Screw Driver Set - Yellow,৳ 120,Dhaka,https://www.daraz.com.bd/products/newv-31-1-i128920046.html,120.0,Newv 31 In 1 Screw Driver Set - Yellow
Korean Fluffy Hairpins Hair Rollers Bangs Fixed Shape Geometric Exquisite Hair Accessories Perm Iron Multi Style 2025 New Hair Root Clip Fluffy Hairpin Curling Hairpin Korean Bangs Fixed Shape Geometric Exquisite Hair Accessories Perm Iron,৳ 101,Dhaka,https://www.daraz.com.bd/products/2025-i497775083.html,101.0,Korean Fluffy Hairpins Hair Rollers Bangs Fixed Shape Geometric Exquisite Hair A
Black iron Hanging cup stand round wall mounted cup mug rack,৳ 355,Dhaka,https://www.daraz.com.bd/products/-i529069982.html,355.0,Black iron Hanging cup stand round wall mounted cup mug rack
20A ESC Motor Speed Controller Bi-Directional ESC for RC Hobby Electronics Car/ Boat,৳ 480,Dhaka,https://www.daraz.com.bd/products/20a-esc-motor-speed-controller-bi-directional-esc-for-rc-hobby-electronics-car-boat-i241687455.html,480.0,20A ESC Motor Speed Controller Bi-Directional ESC for RC Hobby Electronics Car/ 
Electronic Gas Lighter - Silver Hot shot - Kitchen Accessories - Kitchen Accessories,৳ 110,Dhaka,https://www.daraz.com.bd/products/electronic-gas-lighter-silver-hot-shot-kitchen-accessories-kitchen-accessories-i133292223.html,110.0,Electronic Gas Lighter - Silver Hot shot - Kitchen Accessories - Kitchen Accesso
"Luminous Car Number Card Plate + Air Freshener , Car Phone number Plate Parking Card Sticker Car Air Freshener Auto Phone Number Car Aromatherapy Accessories",৳ 299,Chattogram,https://www.daraz.com.bd/products/-i225093652.html,299.0,"Luminous Car Number Card Plate + Air Freshener , Car Phone number Plate Parking "
Motorcycle LED logo light or Discover logo light,৳ 165,Dhaka,https://www.daraz.com.bd/products/led-i193505851.html,165.0,Motorcycle LED logo light or Discover logo light
